road_sheet,road_name_norm,station_km,asset,type_raw,length_m,depth_m,diameter_raw,easting,northing,spans,section_no,station_km_in_section
Adigudem_Dengolat,Adigudom-Dengolat,0.54,culvert,I,,,1Ø1.20,555400,1469039,,1,0.54
Adigudem_Dengolat,Adigudom-Dengolat,1.9,quarry_site,Quarry Site,,,,554148,1469088,,1,1.9
Adigudem_Dengolat,Adigudom-Dengolat,1.0,culvert,I,,,1Ø0.9,554964,1468993,,1,1.0
Adigudem_Dengolat,Adigudom-Dengolat,24.3,quarry_site,Quarry Site,,,,538131,1470910,,3,6.967000000000002
Adigudem_Dengolat,Adigudom-Dengolat,1.1,culvert,I,,,1Ø0.9,554862,1468978,,1,1.1
Adigudem_Dengolat,Adigudom-Dengolat,24.7,quarry_site,Quarry Site,,,,537622,1471196,,3,7.367000000000001
Adigudem_Dengolat,Adigudom-Dengolat,1.7,culvert,I,,,1Ø0.9,554271,1468917,,1,1.7
Adigudem_Dengolat,Adigudom-Dengolat,2.1,culvert,I,,,1Ø0.9,554072,1469309,,1,2.1
Adigudem_Dengolat,Adigudom-Dengolat,2.5,culvert,I,,,2Ø1.20,553968,1469647,,1,2.5
Adigudem_Dengolat,Adigudom-Dengolat,2.6,culvert,I,,,1Ø0.9,553871,1469720,,1,2.6
Adigudem_Dengolat,Adigudom-Dengolat,2.8,culvert,I,,,1Ø0.9,553787,1469892,,1,2.8
Adigudem_Dengolat,Adigudom-Dengolat,2.9,culvert,I,,,1Ø0.9,553689,1470061,,1,2.9
Adigudem_Dengolat,Adigudom-Dengolat,3.2,culvert,I,,,1Ø0.9,553717,1470216,,1,3.2
Adigudem_Dengolat,Adigudom-Dengolat,3.8,bridge,A,10.7,,,553593,1470655,1.0,1,3.8
Adigudem_Dengolat,Adigudom-Dengolat,3.9,culvert,I,,,1Ø0.9,553562,1470802,,1,3.9
Adigudem_Dengolat,Adigudom-Dengolat,4.3,other,M,,,,553198,1470989,,1,4.3
Adigudem_Dengolat,Adigudom-Dengolat,5.0,culvert,I,,,1Ø0.9,552586,1471248,,1,5.0
Adigudem_Dengolat,Adigudom-Dengolat,5.5,bridge,A,5.7,,,552274,1471510,1.0,1,5.5
Adigudem_Dengolat,Adigudom-Dengolat,6.5,culvert,I,,,2Ø0.9,551311,1471777,,1,6.5
Adigudem_Dengolat,Adigudom-Dengolat,6.9,bridge,A,9.55,,,550912,1471774,1.0,1,6.9
Adigudem_Dengolat,Adigudom-Dengolat,7.1,culvert,I,,,1Ø0.9,550851,1471714,,1,7.1
Adigudem_Dengolat,Adigudom-Dengolat,7.3,culvert,I,,,1Ø0.9,550582,1471806,,1,7.3
Adigudem_Dengolat,Adigudom-Dengolat,7.6,culvert,I,,,1Ø0.9,550356,1471909,,1,7.6
Adigudem_Dengolat,Adigudom-Dengolat,8.2,culvert,I,,,1Ø0.9,550040,1471514,,1,8.2
Adigudem_Dengolat,Adigudom-Dengolat,8.5,culvert,I,,,1Ø0.9,549830,1471272,,1,8.5
Adigudem_Dengolat,Adigudom-Dengolat,8.7,other,M,,,,549677,1471249,,2,0.032999999999999474
Adigudem_Dengolat,Adigudom-Dengolat,8.8,culvert,I,,,1Ø0.9,549564,1471185,,2,0.1330000000000009
Adigudem_Dengolat,Adigudom-Dengolat,9.2,culvert,I,,,1Ø0.9,549346,1471052,,2,0.5329999999999995
Adigudem_Dengolat,Adigudom-Dengolat,9.4,culvert,I,,,1Ø0.9,549151,1470962,,2,0.7330000000000005
Adigudem_Dengolat,Adigudom-Dengolat,9.5,culvert,I,,,1Ø0.9,549058,1470926,,2,0.8330000000000002
Adigudem_Dengolat,Adigudom-Dengolat,9.9,bridge,A,6.7,,,548777,1470918,1.0,2,1.2330000000000005
Adigudem_Dengolat,Adigudom-Dengolat,10.0,other,M,,,,548683,1470785,,2,1.3330000000000002
Adigudem_Dengolat,Adigudom-Dengolat,10.1,culvert,I,,,1Ø0.9,548627,1470695,,2,1.4329999999999998
Adigudem_Dengolat,Adigudom-Dengolat,10.2,culvert,I,,,1Ø1.20,548633,1470627,,2,1.5329999999999995
Adigudem_Dengolat,Adigudom-Dengolat,10.5,culvert,I,,,1Ø0.9,548785,1470418,,2,1.8330000000000002
Adigudem_Dengolat,Adigudom-Dengolat,10.6,other,K,,,,548670,1470354,,2,1.9329999999999998
Adigudem_Dengolat,Adigudom-Dengolat,10.8,culvert,I,,,1Ø0.9,548549,1470273,,2,2.133000000000001
Adigudem_Dengolat,Adigudom-Dengolat,11.2,culvert,I,,,1Ø0.9,548203,1470445,,2,2.5329999999999995
Adigudem_Dengolat,Adigudom-Dengolat,12.0,culvert,I,,,1Ø0.9,547426,1470229,,2,3.333
Adigudem_Dengolat,Adigudom-Dengolat,12.1,bridge,A,7.7,,,547329,1470260,1.0,2,3.433
Adigudem_Dengolat,Adigudom-Dengolat,12.3,culvert,I,,,1Ø1.20,547222,1470178,,2,3.633000000000001
Adigudem_Dengolat,Adigudom-Dengolat,12.4,culvert,I,,,1Ø0.9,547128,1470063,,2,3.7330000000000005
Adigudem_Dengolat,Adigudom-Dengolat,12.9,culvert,I,,,2Ø1.20,546732,1470090,,2,4.2330000000000005
Adigudem_Dengolat,Adigudom-Dengolat,13.3,other,M,,,,546333,1470151,,2,4.633000000000001
Adigudem_Dengolat,Adigudom-Dengolat,13.8,culvert,I,,,2Ø1.20,545981,1470392,,2,5.133000000000001
Adigudem_Dengolat,Adigudom-Dengolat,13.9,bridge,A,5.0,,,545854,1470420,1.0,2,5.2330000000000005
Adigudem_Dengolat,Adigudom-Dengolat,14.3,culvert,I,,,1Ø1.20,545665,1470171,,2,5.633000000000001
Adigudem_Dengolat,Adigudom-Dengolat,14.6,culvert,I,,,1Ø0.9,545505,1470080,,2,5.933
Adigudem_Dengolat,Adigudom-Dengolat,14.9,culvert,I,,,1Ø1.20,545084,1470021,,2,6.2330000000000005
Adigudem_Dengolat,Adigudom-Dengolat,15.4,bridge,A,7.0,,,544884,1470121,1.0,2,6.7330000000000005
Adigudem_Dengolat,Adigudom-Dengolat,15.7,culvert,I,,,1Ø0.9,544725,1469948,,2,7.0329999999999995
Adigudem_Dengolat,Adigudom-Dengolat,16.5,culvert,I,,,1Ø0.9,544274,1470229,,2,7.833
Adigudem_Dengolat,Adigudom-Dengolat,16.6,culvert,I,,,1Ø1.10,544105,1470144,,2,7.933000000000002
Adigudem_Dengolat,Adigudom-Dengolat,16.8,culvert,I,,,1Ø0.9,544006,1470108,,2,8.133000000000001
Adigudem_Dengolat,Adigudom-Dengolat,16.9,culvert,I,,,1Ø0.9,543914,1470049,,2,8.232999999999999
Adigudem_Dengolat,Adigudom-Dengolat,17.1,culvert,I,,,1Ø1.0,543638,1470075,,2,8.433000000000002
Adigudem_Dengolat,Adigudom-Dengolat,17.3,culvert,I,,,2Ø0.9,543503,1470084,,2,8.633000000000001
Adigudem_Dengolat,Adigudom-Dengolat,17.4,culvert,I,,,1Ø0.9,543435,1470102,,3,0.06700000000000017
Adigudem_Dengolat,Adigudom-Dengolat,17.5,culvert,I,,,1Ø0.9,543361,1470116,,3,0.1670000000000016
Adigudem_Dengolat,Adigudom-Dengolat,17.5,culvert,I,,,1Ø0.9,543295,1470076,,3,0.1670000000000016
Adigudem_Dengolat,Adigudom-Dengolat,17.6,culvert,I,,,1Ø0.9,543231,1470021,,3,0.267000000000003
Adigudem_Dengolat,Adigudom-Dengolat,17.8,culvert,I,,,1Ø0.9,543147,1469935,,3,0.4670000000000023
Adigudem_Dengolat,Adigudom-Dengolat,18.3,culvert,I,,,1Ø0.9,542779,1470066,,3,0.9670000000000023
Adigudem_Dengolat,Adigudom-Dengolat,18.6,culvert,I,,,1Ø0.9,542580,1470163,,3,1.267000000000003
Adigudem_Dengolat,Adigudom-Dengolat,18.8,other,M,,,,542372,1470291,,3,1.4670000000000023
Adigudem_Dengolat,Adigudom-Dengolat,19.2,culvert,I,,,1Ø0.9,542186,1470435,,3,1.8670000000000009
Adigudem_Dengolat,Adigudom-Dengolat,19.7,culvert,I,,,1Ø1.20,541640,1470571,,3,2.367000000000001
Adigudem_Dengolat,Adigudom-Dengolat,20.1,other,M,,,,541270,1470669,,3,2.767000000000003
Adigudem_Dengolat,Adigudom-Dengolat,20.2,culvert,I,,,1Ø0.9,541188,1470643,,3,2.867000000000001
Adigudem_Dengolat,Adigudom-Dengolat,21.0,culvert,I,,,1Ø0.9,540524,1470926,,3,3.6670000000000016
Adigudem_Dengolat,Adigudom-Dengolat,21.1,other,M,,,,540296,1470967,,3,3.767000000000003
Adigudem_Dengolat,Adigudom-Dengolat,21.4,culvert,I,,,1Ø0.9,540152,1470922,,3,4.067
Adigudem_Dengolat,Adigudom-Dengolat,22.3,culvert,I,,,1Ø0.9,539401,1470743,,3,4.967000000000002
Adigudem_Dengolat,Adigudom-Dengolat,22.6,culvert,I,,,1Ø0.9,539054,1470882,,3,5.267000000000003
Adigudem_Dengolat,Adigudom-Dengolat,22.7,other,M,,,,538948,1470908,,3,5.367000000000001
Adigudem_Dengolat,Adigudom-Dengolat,23.1,culvert,I,,,1Ø0.9,538661,1470863,,3,5.767000000000003
Adigudem_Dengolat,Adigudom-Dengolat,23.5,culvert,I,,,1Ø0.9,538548,1470551,,3,6.167000000000002
Adigudem_Dengolat,Adigudom-Dengolat,23.8,culvert,I,,,1Ø1.0,538343,1470643,,3,6.467000000000002
Adigudem_Dengolat,Adigudom-Dengolat,23.9,culvert,I,,,1Ø0.9,538312,1470710,,3,6.567
Adigudem_Dengolat,Adigudom-Dengolat,24.0,culvert,I,,,1Ø0.9,538204,1470821,,3,6.667000000000002
Adigudem_Dengolat,Adigudom-Dengolat,24.7,culvert,I,,,1Ø0.9,537676,1470968,,3,7.367000000000001
Hdmo_Debub,Hdmo-Debub,0.029,culvert,I,,,1Ø0.9,555827,1461352,,1,0.029
Hdmo_Debub,Hdmo-Debub,16.2,quarry_site,Quarry Site,,,,563808,1453013,,2,7.067
Hdmo_Debub,Hdmo-Debub,0.14,culvert,I,,,1Ø0.9,556062,1461258,,1,0.14
Hdmo_Debub,Hdmo-Debub,16.8,quarry_site,Quarry Site,,,,563924,1452278,,2,7.667000000000002
Hdmo_Debub,Hdmo-Debub,0.67,culvert,I,,,1Ø0.9,556447,1461243,,1,0.67
Hdmo_Debub,Hdmo-Debub,0.83,culvert,I,,,1Ø0.9,556605,1461203,,1,0.83
Hdmo_Debub,Hdmo-Debub,1.2,culvert,I,,,1Ø0.9,556959,1461118,,1,1.2
Hdmo_Debub,Hdmo-Debub,2.0,culvert,I,,,1Ø0.9,557632,1460778,,1,2.0
Hdmo_Debub,Hdmo-Debub,2.4,culvert,I,,,1Ø0.9,557962,1460649,,1,2.4
Hdmo_Debub,Hdmo-Debub,2.9,culvert,I,,,1Ø0.9,557899,1460329,,1,2.9
Hdmo_Debub,Hdmo-Debub,3.2,culvert,I,,,1Ø0.9,557932,1460044,,1,3.2
Hdmo_Debub,Hdmo-Debub,3.4,culvert,I,,,1Ø0.9,558242,1459924,,1,3.4
Hdmo_Debub,Hdmo-Debub,4.4,culvert,I,,,1Ø0.9,558956,1459654,,1,4.4
Hdmo_Debub,Hdmo-Debub,5.3,culvert,I,,,1Ø0.9,559507,1458889,,1,5.3
Hdmo_Debub,Hdmo-Debub,5.4,culvert,I,,,1Ø0.9,559554,1458747,,1,5.4
Hdmo_Debub,Hdmo-Debub,5.8,bridge,A,5.8,,,559718,1458514,1.0,1,5.8
Hdmo_Debub,Hdmo-Debub,6.0,culvert,I,,,2Ø1.05,559910,1458270,,1,6.0
Hdmo_Debub,Hdmo-Debub,6.7,culvert,I,,,2Ø1.05,560323,1457737,,1,6.7
Hdmo_Debub,Hdmo-Debub,7.3,culvert,I,,,1Ø1.05,560694,1457395,,1,7.3
Hdmo_Debub,Hdmo-Debub,7.5,culvert,I,,,1Ø1.05,560847,1457270,,1,7.5
Hdmo_Debub,Hdmo-Debub,7.7,culvert,I,,,1Ø1.05,560922,1457159,,1,7.7
Hdmo_Debub,Hdmo-Debub,7.9,culvert,I,,,1Ø1.05,561002,1456941,,1,7.9
Hdmo_Debub,Hdmo-Debub,8.0,culvert,I,,,1Ø1.05,561071,1456921,,1,8.0
Hdmo_Debub,Hdmo-Debub,8.1,other,K,,,,560935,1456543,,1,8.1
Hdmo_Debub,Hdmo-Debub,8.2,culvert,I,,,1Ø0.8,561009,1456660,,1,8.2
Hdmo_Debub,Hdmo-Debub,8.7,culvert,I,,,1Ø0.9,560844,1456364,,1,8.7
Hdmo_Debub,Hdmo-Debub,8.9,other,L,,,,560737,1456193,,1,8.9
Hdmo_Debub,Hdmo-Debub,9.1,culvert,I,,,1Ø0.9,560624,1456137,,1,9.1
Hdmo_Debub,Hdmo-Debub,9.2,culvert,I,,,1Ø0.9,560568,1456043,,2,0.06700000000000017
Hdmo_Debub,Hdmo-Debub,9.25,culvert,I,,,1Ø0.9,560545,1456017,,2,0.11700000000000088
Hdmo_Debub,Hdmo-Debub,9.4,culvert,I,,,1Ø0.9,560491,1455901,,2,0.26700000000000124
Hdmo_Debub,Hdmo-Debub,9.5,other,L,,,,560447,1455767,,2,0.3670000000000009
Hdmo_Debub,Hdmo-Debub,9.6,culvert,I,,,1Ø0.9,560463,1455646,,2,0.4670000000000005
Hdmo_Debub,Hdmo-Debub,9.7,culvert,I,,,1Ø0.9,560458,1455563,,2,0.5670000000000002
Hdmo_Debub,Hdmo-Debub,9.8,culvert,I,,,1Ø0.9,560483,1455516,,2,0.6670000000000016
Hdmo_Debub,Hdmo-Debub,10.0,culvert,I,,,1Ø0.9,560568,1455297,,2,0.8670000000000009
Hdmo_Debub,Hdmo-Debub,10.2,culvert,I,,,1Ø0.9,560634,1455077,,2,1.0670000000000002
Hdmo_Debub,Hdmo-Debub,10.6,culvert,I,,,1Ø0.9,560719,1454870,,2,1.4670000000000005
Hdmo_Debub,Hdmo-Debub,10.9,culvert,I,,,1Ø0.9,560915,1454619,,2,1.7670000000000012
Hdmo_Debub,Hdmo-Debub,11.1,culvert,I,,,1Ø0.9,560949,1454485,,2,1.9670000000000005
Hdmo_Debub,Hdmo-Debub,11.6,culvert,I,,,1Ø0.9,561035,1453974,,2,2.4670000000000005
Hdmo_Debub,Hdmo-Debub,12.0,culvert,I,,,1Ø0.9,561245,1453615,,2,2.867000000000001
Hdmo_Debub,Hdmo-Debub,12.1,culvert,I,,,1Ø0.9,561140,1453463,,2,2.9670000000000005
Hdmo_Debub,Hdmo-Debub,12.3,culvert,I,,,1Ø1.05,561134,1453353,,2,3.1670000000000016
Hdmo_Debub,Hdmo-Debub,12.5,culvert,I,,,1Ø1.0,561210,1453203,,2,3.367000000000001
Hdmo_Debub,Hdmo-Debub,12.54,other,k,,,,561215,1453192,,2,3.407
Hdmo_Debub,Hdmo-Debub,12.7,culvert,I,,,1Ø0.9,561190,1453077,,2,3.567
Hdmo_Debub,Hdmo-Debub,12.9,culvert,I,,,1Ø0.9,561288,1452900,,2,3.7670000000000012
Hdmo_Debub,Hdmo-Debub,13.6,culvert,I,,,1Ø0.9,561908,1452714,,2,4.4670000000000005
Hdmo_Debub,Hdmo-Debub,14.0,culvert,I,,,1Ø0.9,562316,1452631,,2,4.867000000000001
Hdmo_Debub,Hdmo-Debub,15.0,culvert,I,,,1Ø0.9,563187,1452902,,2,5.867000000000001
Hdmo_Debub,Hdmo-Debub,15.5,culvert,I,,,1Ø0.9,563640,1452977,,2,6.367000000000001
Hdmo_Debub,Hdmo-Debub,16.8,culvert,I,,,1Ø0.9,564053,1452000,,2,7.667000000000002
Hdmo_Debub,Hdmo-Debub,17.1,culvert,I,,,1Ø0.9,564208,1451777,,2,7.967000000000002
Hdmo_Debub,Hdmo-Debub,17.2,culvert,I,,,1Ø0.9,564222,1451725,,2,8.067
Hdmo_Debub,Hdmo-Debub,17.2,culvert,I,,,1Ø0.9,564246,1451670,,2,8.067
Hdmo_Debub,Hdmo-Debub,17.3,culvert,I,,,1Ø0.9,564296,1451591,,2,8.167000000000002
Hdmo_Debub,Hdmo-Debub,17.5,culvert,I,,,1Ø0.9,564411,1451499,,2,8.367
Hdmo_Debub,Hdmo-Debub,17.5,culvert,I,,,1Ø0.9,564444,1451370,,2,8.367
Hdmo_Debub,Hdmo-Debub,17.6,culvert,I,,,1Ø0.9,564444,1451370,,2,8.467000000000002
Hdmo_Debub,Hdmo-Debub,17.6,culvert,I,,,1Ø0.9,564651,1451324,,2,8.467000000000002
Hdmo_Debub,Hdmo-Debub,17.9,culvert,I,,,1Ø0.9,564651,1451324,,2,8.767
Hdmo_Debub,Hdmo-Debub,18.7,other,L,,,,564754,1451027,,3,0.43299999999999983
Hdmo_Debub,Hdmo-Debub,19.0,culvert,I,,,1Ø0.9,565015,1450918,,3,0.7330000000000005
Hdmo_Debub,Hdmo-Debub,19.1,culvert,I,,,1Ø0.9,565130,1450833,,3,0.833000000000002
Hdmo_Debub,Hdmo-Debub,19.3,culvert,I,,,1Ø0.9,565209,1450688,,3,1.0330000000000013
Hdmo_Debub,Hdmo-Debub,19.4,culvert,I,,,1Ø0.9,565293,1450631,,3,1.1329999999999991
Hdmo_Debub,Hdmo-Debub,20.0,culvert,I,,,1Ø1.05,565776,1450566,,3,1.7330000000000005
Hdmo_Debub,Hdmo-Debub,20.1,culvert,I,,,1Ø0.9,565929,1450472,,3,1.833000000000002
Hdmo_Debub,Hdmo-Debub,20.3,culvert,I,,,1Ø0.9,565991,1450416,,3,2.0330000000000013
Hdmo_Debub,Hdmo-Debub,20.4,culvert,I,,,1Ø0.9,566073,1450314,,3,2.132999999999999
Hdmo_Debub,Hdmo-Debub,21.1,culvert,I,,,1Ø0.9,566576,1450035,,3,2.833000000000002
Hdmo_Debub,Hdmo-Debub,21.3,culvert,I,,,1Ø0.9,566756,1450002,,3,3.0330000000000013
Hdmo_Debub,Hdmo-Debub,22.0,culvert,I,,,1Ø0.9,567269,1449812,,3,3.7330000000000005
Hdmo_Debub,Hdmo-Debub,22.6,culvert,I,,,1Ø0.9,567557,1449547,,3,4.333000000000002
Hdmo_Debub,Hdmo-Debub,23.8,other,L,,,,567915,1448659,,3,5.533000000000001
Hdmo_Debub,Hdmo-Debub,23.9,culvert,I,,,1Ø0.9,567919,1448577,,3,5.632999999999999
Hdmo_Debub,Hdmo-Debub,24.2,culvert,I,,,1Ø1.05,567956,1448373,,3,5.933
Hdmo_Debub,Hdmo-Debub,24.5,culvert,I,,,1Ø0.9,567997,1447979,,3,6.2330000000000005
Hdmo_Debub,Hdmo-Debub,24.9,culvert,I,,,1Ø0.9,568068,1447833,,3,6.632999999999999
Hdmo_Debub,Hdmo-Debub,25.2,culvert,I,,,1Ø0.9,568347,1447631,,3,6.933
Hdmo_Debub,Hdmo-Debub,25.9,culvert,I,,,1Ø0.9,568609,1447176,,3,7.632999999999999
Hdmo_Debub,Hdmo-Debub,26.0,culvert,I,,,1Ø0.9,568655,1447172,,3,7.7330000000000005
Hdmo_Debub,Hdmo-Debub,26.2,culvert,I,,,1Ø0.9,568681,1446967,,3,7.933
Hdmo_Debub,Hdmo-Debub,26.9,culvert,I,,,1Ø0.9,568992,1446416,,3,8.633
Hdmo_Debub,Hdmo-Debub,27.7,bridge,A,5.6,,,569442,1445809,1.0,3,9.433
Dengolat_Gjet,Dengolat-Gjet,0.093,culvert,I,,,1Ø0.9,534789,1470599,,1,0.093
Dengolat_Gjet,Dengolat-Gjet,12.9,quarry_site,Quarry Site,,,,525174,1476353,,2,4.5329999999999995
Dengolat_Gjet,Dengolat-Gjet,0.5,culvert,I,,,1Ø0.9,534522,1470863,,1,0.5
Dengolat_Gjet,Dengolat-Gjet,18.0,quarry_site,Quarry Site,,,,522053,1476796,,3,1.2669999999999995
Dengolat_Gjet,Dengolat-Gjet,0.89,culvert,I,,,1Ø0.8,534212,1471164,,1,0.89
Dengolat_Gjet,Dengolat-Gjet,1.2,culvert,I,,,1Ø0.8,534049,1471466,,1,1.2
Dengolat_Gjet,Dengolat-Gjet,2.1,culvert,I,,,2Ø1.20,533560,1472041,,1,2.1
Dengolat_Gjet,Dengolat-Gjet,2.2,culvert,I,,,1Ø0.9,533435,1472054,,1,2.2
Dengolat_Gjet,Dengolat-Gjet,2.5,culvert,I,,,1Ø0.9,533133,1472113,,1,2.5
Dengolat_Gjet,Dengolat-Gjet,2.6,culvert,I,,,1Ø0.9,532685,1472266,,1,2.6
Dengolat_Gjet,Dengolat-Gjet,3.0,culvert,I,,,1Ø0.9,532408,1472391,,1,3.0
Dengolat_Gjet,Dengolat-Gjet,3.4,culvert,I,,,1Ø0.9,532036,1472554,,1,3.4
Dengolat_Gjet,Dengolat-Gjet,3.7,culvert,I,,,1Ø0.9,531701,1472724,,1,3.7
Dengolat_Gjet,Dengolat-Gjet,4.1,culvert,I,,,1Ø0.9,531437,1472855,,1,4.1
Dengolat_Gjet,Dengolat-Gjet,4.4,culvert,I,,,1Ø0.9,531323,1472909,,1,4.4
Dengolat_Gjet,Dengolat-Gjet,4.5,culvert,I,,,1Ø0.9,531068,1473020,,1,4.5
Dengolat_Gjet,Dengolat-Gjet,4.8,culvert,I,,,1Ø0.9,530672,1473178,,1,4.8
Dengolat_Gjet,Dengolat-Gjet,5.2,culvert,I,,,1Ø0.9,530606,1473290,,1,5.2
Dengolat_Gjet,Dengolat-Gjet,5.4,culvert,I,,,1Ø0.9,530472,1473632,,1,5.4
Dengolat_Gjet,Dengolat-Gjet,5.7,culvert,I,,,2Ø1.20,530331,1473792,,1,5.7
Dengolat_Gjet,Dengolat-Gjet,5.9,culvert,I,,,1Ø1.20,530219,1474109,,1,5.9
Dengolat_Gjet,Dengolat-Gjet,6.3,culvert,I,,,1Ø0.9,530074,1474435,,1,6.3
Dengolat_Gjet,Dengolat-Gjet,6.7,culvert,I,,,1Ø0.9,530030,1474494,,1,6.7
Dengolat_Gjet,Dengolat-Gjet,6.8,culvert,I,,,1Ø0.9,529965,1474672,,1,6.8
Dengolat_Gjet,Dengolat-Gjet,6.9,culvert,I,,,2Ø1.20,529873,1474871,,1,6.9
Dengolat_Gjet,Dengolat-Gjet,7.2,culvert,I,,,1Ø0.9,529712,1474944,,1,7.2
Dengolat_Gjet,Dengolat-Gjet,7.4,culvert,I,,,1Ø0.9,529571,1475055,,1,7.4
Dengolat_Gjet,Dengolat-Gjet,7.5,culvert,I,,,1Ø0.9,529270,1475398,,1,7.5
Dengolat_Gjet,Dengolat-Gjet,8.0,culvert,I,,,1Ø0.9,528897,1475889,,1,8.0
Dengolat_Gjet,Dengolat-Gjet,8.6,culvert,I,,,1Ø0.9,528787,1476176,,2,0.23299999999999876
Dengolat_Gjet,Dengolat-Gjet,9.0,culvert,I,,,1Ø0.9,528610,1476417,,2,0.6329999999999991
Dengolat_Gjet,Dengolat-Gjet,9.2,culvert,I,,,2Ø1.20,528254,1476701,,2,0.8329999999999984
Dengolat_Gjet,Dengolat-Gjet,9.8,culvert,I,,,1Ø0.9,528199,1476725,,2,1.4329999999999998
Dengolat_Gjet,Dengolat-Gjet,9.8,culvert,I,,,1Ø0.9,528032,1476865,,2,1.4329999999999998
Dengolat_Gjet,Dengolat-Gjet,10.0,culvert,I,,,1Ø0.9,527306,1476140,,2,1.6329999999999991
Dengolat_Gjet,Dengolat-Gjet,11.3,culvert,I,,,1Ø1.10,526853,1476109,,2,2.933
Dengolat_Gjet,Dengolat-Gjet,11.8,culvert,I,,,1Ø0.9,526683,1476071,,2,3.433
Dengolat_Gjet,Dengolat-Gjet,12.0,culvert,I,,,2Ø1.10,526553,1476040,,2,3.632999999999999
Dengolat_Gjet,Dengolat-Gjet,12.2,culvert,I,,,1Ø0.9,526383,1476021,,2,3.8329999999999984
Dengolat_Gjet,Dengolat-Gjet,12.3,culvert,I,,,1Ø0.9,526099,1476152,,2,3.933
Dengolat_Gjet,Dengolat-Gjet,12.7,culvert,I,,,1Ø0.9,525014,1476392,,2,4.332999999999998
Dengolat_Gjet,Dengolat-Gjet,12.9,other,M,,,,525906,1476236,,2,4.5329999999999995
Dengolat_Gjet,Dengolat-Gjet,13.9,culvert,I,,,1Ø0.9,524659,1476310,,2,5.5329999999999995
Dengolat_Gjet,Dengolat-Gjet,14.3,culvert,I,,,1Ø0.9,523934,1476408,,2,5.933
Dengolat_Gjet,Dengolat-Gjet,14.9,other,L,,,,524135,1476314,,2,6.5329999999999995
Dengolat_Gjet,Dengolat-Gjet,15.2,culvert,I,,,1Ø0.9,523635,1476436,,2,6.832999999999998
Dengolat_Gjet,Dengolat-Gjet,15.5,culvert,I,,,1Ø0.9,523338,1476564,,2,7.132999999999999
Dengolat_Gjet,Dengolat-Gjet,15.9,culvert,I,,,1Ø0.9,523330,1476734,,2,7.5329999999999995
Dengolat_Gjet,Dengolat-Gjet,16.2,culvert,I,,,1Ø0.9,523028,1476933,,2,7.832999999999998
Dengolat_Gjet,Dengolat-Gjet,16.5,culvert,I,,,1Ø0.9,522887,1476956,,2,8.133
Dengolat_Gjet,Dengolat-Gjet,16.7,culvert,I,,,1Ø0.9,522805,1476925,,2,8.332999999999998
Dengolat_Gjet,Dengolat-Gjet,16.8,culvert,I,,,1Ø0.9,522658,1476845,,3,0.06700000000000017
Dengolat_Gjet,Dengolat-Gjet,16.9,culvert,I,,,1Ø0.9,522466,1476880,,3,0.16699999999999804
Dengolat_Gjet,Dengolat-Gjet,17.2,culvert,I,,,1Ø0.9,522202,1476839,,3,0.46699999999999875
Dengolat_Gjet,Dengolat-Gjet,17.4,culvert,I,,,1Ø0.9,520250,1476587,,3,0.666999999999998
Dengolat_Gjet,Dengolat-Gjet,18.4,other,M,,,,521444,1476823,,3,1.666999999999998
Dengolat_Gjet,Dengolat-Gjet,19.6,culvert,I,,,1Ø0.9,519729,1476522,,3,2.867000000000001
Dengolat_Gjet,Dengolat-Gjet,20.2,culvert,I,,,2Ø1.10,519412,1476783,,3,3.4669999999999987
Dengolat_Gjet,Dengolat-Gjet,20.6,culvert,I,,,1Ø0.9,519234,1476793,,3,3.867000000000001
Dengolat_Gjet,Dengolat-Gjet,20.8,culvert,I,,,1Ø0.9,518827,1476633,,3,4.067
Dengolat_Gjet,Dengolat-Gjet,21.4,culvert,I,,,1Ø0.9,518793,1476454,,3,4.666999999999998
Dengolat_Gjet,Dengolat-Gjet,21.6,culvert,I,,,1Ø0.9,518849,1476313,,3,4.867000000000001
Dengolat_Gjet,Dengolat-Gjet,21.7,culvert,I,,,1Ø0.9,518965,1476009,,3,4.966999999999999
Dengolat_Gjet,Dengolat-Gjet,22.0,culvert,I,,,1Ø0.9,518994,1475900,,3,5.2669999999999995
Dengolat_Gjet,Dengolat-Gjet,22.2,culvert,I,,,1Ø0.9,518942,1475666,,3,5.466999999999999
Dengolat_Gjet,Dengolat-Gjet,22.5,culvert,I,,,1Ø0.9,518875,1475404,,3,5.7669999999999995
Dengolat_Gjet,Dengolat-Gjet,22.7,culvert,I,,,1Ø0.9,518740,1474915,,3,5.966999999999999
Dengolat_Gjet,Dengolat-Gjet,23.2,culvert,I,,,1Ø0.9,518635,1474820,,3,6.466999999999999
Dengolat_Gjet,Dengolat-Gjet,23.4,culvert,I,,,1Ø0.9,518353,1474551,,3,6.666999999999998
Dengolat_Gjet,Dengolat-Gjet,23.8,culvert,I,,,1Ø0.9,518414,1474345,,3,7.067
Dengolat_Gjet,Dengolat-Gjet,24.0,culvert,I,,,1Ø0.9,518516,1474221,,3,7.2669999999999995
Dengolat_Gjet,Dengolat-Gjet,24.6,culvert,I,,,1Ø0.10,518717,1473912,,3,7.867000000000001
Dengolat_Gjet,Dengolat-Gjet,24.9,culvert,I,,,1Ø0.11,518644,1473591,,3,8.166999999999998
Alage_Bora,Alaje-Bora,0.42,culvert,I,,,1Ø0.9,552510,1428322,,1,0.42
Alage_Bora,Alaje-Bora,12.9,quarry_site,Quarry Site,,,,525174,1476353,,2,5.167000000000001
Alage_Bora,Alaje-Bora,0.9,other,M,,,,552102,1428185,,1,0.9
Alage_Bora,Alaje-Bora,1.3,culvert,I,,,1Ø0.9,551699,1428120,,1,1.3
Alage_Bora,Alaje-Bora,21.0,quarry_site,Quarry Site,,,,537258,1426212,,3,5.5329999999999995
Alage_Bora,Alaje-Bora,2.0,culvert,I,,,1Ø0.9,551105,1428110,,1,2.0
Alage_Bora,Alaje-Bora,2.2,culvert,I,,,1Ø0.9,550951,1428120,,1,2.2
Alage_Bora,Alaje-Bora,2.6,culvert,I,,,1Ø0.9,550536,1428103,,1,2.6
Alage_Bora,Alaje-Bora,2.9,culvert,I,,,1Ø0.8,550341,1428004,,1,2.9
Alage_Bora,Alaje-Bora,3.3,other,K,,,,549893,1428034,,1,3.3
Alage_Bora,Alaje-Bora,3.6,culvert,I,,,1Ø0.9,549582,1428151,,1,3.6
Alage_Bora,Alaje-Bora,3.9,culvert,I,,,1Ø0.8,549375,1428241,,1,3.9
Alage_Bora,Alaje-Bora,4.6,culvert,I,,,1Ø0.8,548712,1428412,,1,4.6
Alage_Bora,Alaje-Bora,4.9,culvert,I,,,1Ø0.8,548518,1428539,,1,4.9
Alage_Bora,Alaje-Bora,5.0,culvert,I,,,1Ø0.9,548372,1428635,,1,5.0
Alage_Bora,Alaje-Bora,5.3,culvert,I,,,1Ø0.9,548176,1428774,,1,5.3
Alage_Bora,Alaje-Bora,5.4,culvert,I,,,1Ø1.10,548061,1428786,,1,5.4
Alage_Bora,Alaje-Bora,5.8,culvert,I,,,1Ø0.8,547804,1428621,,1,5.8
Alage_Bora,Alaje-Bora,6.1,culvert,I,,,1Ø0.8,547529,1428618,,1,6.1
Alage_Bora,Alaje-Bora,7.2,other,M,,,,547086,1428316,,1,7.2
Alage_Bora,Alaje-Bora,7.7,culvert,I,,,1Ø0.8,546789,1427946,,1,7.7
Alage_Bora,Alaje-Bora,7.8,culvert,I,,,1Ø0.8,546751,1427910,,2,0.06700000000000017
Alage_Bora,Alaje-Bora,8.1,culvert,I,,,1Ø0.8,546486,1427713,,2,0.367
Alage_Bora,Alaje-Bora,8.2,culvert,I,,,1Ø0.8,546361,1427724,,2,0.46699999999999964
Alage_Bora,Alaje-Bora,9.2,culvert,I,,,1Ø0.9,545708,1427895,,2,1.4669999999999996
Alage_Bora,Alaje-Bora,9.5,culvert,I,,,1Ø0.9,545573,1428067,,2,1.7670000000000003
Alage_Bora,Alaje-Bora,10.0,culvert,I,,,1Ø0.9,545058,1428031,,2,2.2670000000000003
Alage_Bora,Alaje-Bora,10.9,other,M,,,,544445,1427553,,2,3.1670000000000007
Alage_Bora,Alaje-Bora,11.8,culvert,I,,,2Ø0.8,544133,1427299,,2,4.067000000000001
Alage_Bora,Alaje-Bora,11.9,other,M,,,,544048,1427368,,2,4.167000000000001
Alage_Bora,Alaje-Bora,12.2,culvert,I,,,1Ø0.8,543922,1427189,,2,4.467
Alage_Bora,Alaje-Bora,12.4,other,M,,,,543691,1427199,,2,4.667000000000001
Alage_Bora,Alaje-Bora,13.1,other,M,,,,543518,1427081,,2,5.367
Alage_Bora,Alaje-Bora,13.4,culvert,I,,,1Ø0.8,543303,1427132,,2,5.667000000000001
Alage_Bora,Alaje-Bora,13.6,other,M,,,,543117,1427136,,2,5.867
Alage_Bora,Alaje-Bora,14.1,other,J,,,,542747,1426804,,2,6.367
Alage_Bora,Alaje-Bora,14.6,other,M,,,,542322,1426794,,2,6.867
Alage_Bora,Alaje-Bora,14.7,culvert,I,,,1Ø1.10,542177,1426750,,2,6.967
Alage_Bora,Alaje-Bora,14.75,culvert,I,,,1Ø0.8,542136,1426700,,2,7.017
Alage_Bora,Alaje-Bora,14.9,culvert,I,,,1Ø0.8,542163,1426616,,2,7.167000000000001
Alage_Bora,Alaje-Bora,15.3,culvert,I,,,1Ø1.10,541974,1426304,,2,7.567000000000001
Alage_Bora,Alaje-Bora,15.7,culvert,I,,,1Ø0.8,541791,1426396,,3,0.23299999999999876
Alage_Bora,Alaje-Bora,15.8,culvert,I,,,2Ø1.10,541705,1426447,,3,0.3330000000000002
Alage_Bora,Alaje-Bora,15.9,culvert,I,,,1Ø1.10,541579,1426394,,3,0.43299999999999983
Alage_Bora,Alaje-Bora,16.1,other,M,,,,541476,1426348,,3,0.6330000000000009
Alage_Bora,Alaje-Bora,16.3,culvert,I,,,1Ø1.10,541312,1426264,,3,0.8330000000000002
Alage_Bora,Alaje-Bora,16.5,culvert,I,,,1Ø0.8,541099,1426205,,3,1.0329999999999995
Alage_Bora,Alaje-Bora,16.9,culvert,I,,,1Ø0.8,540763,1426336,,3,1.432999999999998
Alage_Bora,Alaje-Bora,17.1,other,M,,,,540300,1426492,,3,1.633000000000001
Alage_Bora,Alaje-Bora,17.9,other,M,,,,539943,1426490,,3,2.432999999999998
Alage_Bora,Alaje-Bora,18.2,culvert,I,,,1Ø1.10,539651,1426438,,3,2.7329999999999988
Alage_Bora,Alaje-Bora,18.4,culvert,I,,,1Ø1.10,539458,1426420,,3,2.932999999999998
Alage_Bora,Alaje-Bora,18.6,other,M,,,,539336,1426475,,3,3.133000000000001
Alage_Bora,Alaje-Bora,19.0,culvert,I,,,1Ø1.10,538894,1426380,,3,3.5329999999999995
Alage_Bora,Alaje-Bora,19.2,other,M,,,,538725,1426332,,3,3.7329999999999988
Alage_Bora,Alaje-Bora,19.4,culvert,I,,,1Ø0.8,538585,1426169,,3,3.932999999999998
Alage_Bora,Alaje-Bora,19.8,culvert,I,,,1Ø1.10,538260,1426015,,3,4.333
Alage_Bora,Alaje-Bora,20.1,culvert,I,,,1Ø1.0,538046,1426020,,3,4.633000000000001
Alage_Bora,Alaje-Bora,20.2,culvert,I,,,2Ø1.0,538012,1426093,,3,4.732999999999999
Alage_Bora,Alaje-Bora,20.5,other,M,,,,537742,1426163,,3,5.0329999999999995
Alage_Bora,Alaje-Bora,20.8,other,M,,,,537503,1426320,,3,5.333
Alage_Bora,Alaje-Bora,20.9,culvert,I,,,1Ø0.8,537377,1426269,,3,5.432999999999998
Alage_Bora,Alaje-Bora,21.1,culvert,I,,,1Ø1.10,537212,1426177,,3,5.633000000000001
Alage_Bora,Alaje-Bora,21.6,culvert,I,,,1Ø1.0,536902,1426171,,3,6.133000000000001
Alage_Bora,Alaje-Bora,21.9,culvert,I,,,2Ø1.10,536464,1426245,,3,6.432999999999998
Alage_Bora,Alaje-Bora,22.1,culvert,I,,,1Ø1.10,536307,1426300,,3,6.633000000000001
Alage_Bora,Alaje-Bora,22.3,bridge,A,46.5,,,536152,1426203,2.0,3,6.833
Alage_Bora,Alaje-Bora,22.8,culvert,I,,,1Ø1.10,536362,1425853,,3,7.333
Alage_Bora,Alaje-Bora,23.0,culvert,I,,,1Ø1.10,536560,1425801,,3,7.5329999999999995
Alage_Bora,Alaje-Bora,23.1,culvert,I,,,1Ø1.0,536695,1425755,,3,7.633000000000001
Alage_Bora,Alaje-Bora,23.3,culvert,I,,,1Ø1.10,536866,1425675,,3,7.833
Maychew_Neksege,Maichew-Neqsege,1.5,bridge,A,8.7,,,556027,1409749,1.0,1,1.5
Maychew_Neksege,Maichew-Neqsege,1.7,culvert,I,,,1Ø0.8,555747,1409824,,1,1.7
Maychew_Neksege,Maichew-Neqsege,2.6,culvert,I,,,1Ø0.8,555003,1409949,,1,2.6
Maychew_Neksege,Maichew-Neqsege,2.7,culvert,I,,,2Ø1.10,554906,1409959,,1,2.7
Maychew_Neksege,Maichew-Neqsege,3.2,culvert,I,,,1Ø0.8,554426,1410027,,1,3.2
Maychew_Neksege,Maichew-Neqsege,3.5,culvert,I,,,1Ø0.8,554200,1410062,,1,3.5
Maychew_Neksege,Maichew-Neqsege,3.7,bridge,A,6.7,,,553956,1410081,1.0,1,3.7
Maychew_Neksege,Maichew-Neqsege,3.9,culvert,I,,,1Ø0.8,553791,1409918,,1,3.9
Maychew_Neksege,Maichew-Neqsege,4.2,culvert,I,,,1Ø0.8,553570,1409822,,1,4.2
Maychew_Neksege,Maichew-Neqsege,4.5,culvert,I,,,1Ø0.8,553386,1409961,,1,4.5
Maychew_Neksege,Maichew-Neqsege,4.7,culvert,I,,,2Ø1.10,553251,1410150,,1,4.7
Maychew_Neksege,Maichew-Neqsege,5.0,culvert,F,4.7,,,553134,1410317,,1,5.0
Maychew_Neksege,Maichew-Neqsege,5.2,culvert,I,,,1Ø0.8,552931,1410318,,1,5.2
Maychew_Neksege,Maichew-Neqsege,5.4,culvert,I,,,1Ø0.8,552838,1410449,,1,5.4
Maychew_Neksege,Maichew-Neqsege,5.7,culvert,I,,,1Ø1.10,552635,1410682,,1,5.7
Maychew_Neksege,Maichew-Neqsege,6.0,culvert,I,,,1Ø0.8,552363,1410783,,1,6.0
Maychew_Neksege,Maichew-Neqsege,6.5,culvert,I,,,1Ø0.8,552007,1410874,,1,6.5
Maychew_Neksege,Maichew-Neqsege,6.7,culvert,I,,,1Ø0.8,551766,1411031,,1,6.7
Maychew_Neksege,Maichew-Neqsege,7.0,culvert,I,,,1Ø0.8,551475,1411050,,1,7.0
Maychew_Neksege,Maichew-Neqsege,7.8,culvert,I,,,1Ø0.8,551204,1411555,,1,7.8
Maychew_Neksege,Maichew-Neqsege,8.1,bridge,A,8.7,,,551311,1411858,1.0,1,8.1
Maychew_Neksege,Maichew-Neqsege,8.2,culvert,I,,,1Ø0.9,551269,1411870,,1,8.2
Maychew_Neksege,Maichew-Neqsege,8.4,bridge,A,5.7,,,551026,1411898,1.0,1,8.4
Maychew_Neksege,Maichew-Neqsege,9.0,culvert,I,,,1Ø0.8,550553,1411938,,1,9.0
Maychew_Neksege,Maichew-Neqsege,9.1,culvert,I,,,1Ø0.8,550454,1411952,,1,9.1
Maychew_Neksege,Maichew-Neqsege,10.7,bridge,A,26.0,,,549481,1412411,1.0,1,10.7
Maychew_Neksege,Maichew-Neqsege,9.7,culvert,F,3.7,,,550114,1412264,,1,9.7
Maychew_Neksege,Maichew-Neqsege,11.1,culvert,I,,,1Ø0.8,549229,1412488,,2,0.26699999999999946
Maychew_Neksege,Maichew-Neqsege,11.5,bridge,A,5.7,,,549229,1412488,1.0,2,0.6669999999999998
Maychew_Neksege,Maichew-Neqsege,11.8,culvert,I,,,1Ø1.0,548949,1412548,,2,0.9670000000000005
Maychew_Neksege,Maichew-Neqsege,12.5,culvert,I,,,1Ø0.9,548624,1412640,,2,1.6669999999999998
Maychew_Neksege,Maichew-Neqsege,12.6,culvert,I,,,1Ø0.9,548501,1412646,,2,1.7669999999999995
Maychew_Neksege,Maichew-Neqsege,12.7,culvert,I,,,1Ø0.9,548415,1412641,,2,1.866999999999999
Maychew_Neksege,Maichew-Neqsege,13.7,culvert,I,,,2Ø1.0,547638,1412405,,2,2.866999999999999
Maychew_Neksege,Maichew-Neqsege,14.0,culvert,I,,,1Ø0.9,547426,1412532,,2,3.167
Maychew_Neksege,Maichew-Neqsege,14.4,culvert,F,3.7,,,547175,1412431,,2,3.567
Maychew_Neksege,Maichew-Neqsege,14.9,culvert,I,,,1Ø0.9,546650,1412464,,2,4.067
Maychew_Neksege,Maichew-Neqsege,15.3,culvert,I,,,1Ø0.9,546367,1412304,,2,4.4670000000000005
Maychew_Neksege,Maichew-Neqsege,15.7,culvert,I,,,1Ø0.9,546142,1411944,,2,4.866999999999999
Maychew_Neksege,Maichew-Neqsege,15.8,culvert,I,,,2Ø0.9,546079,1411819,,2,4.9670000000000005
Maychew_Neksege,Maichew-Neqsege,16.0,culvert,I,,,1Ø0.9,545935,1411764,,2,5.167
Maychew_Neksege,Maichew-Neqsege,16.1,culvert,I,,,1Ø0.9,545873,1411767,,2,5.267000000000001
Maychew_Neksege,Maichew-Neqsege,16.8,bridge,A,23.0,,,545476,1411793,1.0,2,5.9670000000000005
Maychew_Neksege,Maichew-Neqsege,19.3,culvert,I,,,1Ø0.9,545268,1411877,,2,8.467
Maychew_Neksege,Maichew-Neqsege,17.5,culvert,I,,,2Ø1.10,545173,1412038,,2,6.667
Maychew_Neksege,Maichew-Neqsege,17.7,culvert,I,,,1Ø0.9,545051,1412060,,2,6.866999999999999
Maychew_Neksege,Maichew-Neqsege,18.3,culvert,I,,,1Ø0.9,544880,1412096,,2,7.4670000000000005
Maychew_Neksege,Maichew-Neqsege,18.3,culvert,I,,,1Ø0.9,544872,1412036,,2,7.4670000000000005
Maychew_Neksege,Maichew-Neqsege,18.4,culvert,I,,,1Ø0.9,544904,1411960,,2,7.566999999999998
Maychew_Neksege,Maichew-Neqsege,18.7,culvert,I,,,1Ø0.9,545026,1411753,,2,7.866999999999999
Maychew_Neksege,Maichew-Neqsege,19.1,culvert,I,,,1Ø0.9,545128,1411478,,2,8.267000000000001
Maychew_Neksege,Maichew-Neqsege,19.4,culvert,I,,,1Ø1.10,544986,1411312,,2,8.566999999999998
Maychew_Neksege,Maichew-Neqsege,19.7,culvert,I,,,1Ø0.9,544706,1411487,,2,8.866999999999999
Maychew_Neksege,Maichew-Neqsege,19.9,culvert,I,,,1Ø0.9,544617,1411583,,2,9.066999999999998
Maychew_Neksege,Maichew-Neqsege,20.4,culvert,I,,,1Ø0.9,544472,1411896,,2,9.566999999999998
Maychew_Neksege,Maichew-Neqsege,20.6,culvert,I,,,1Ø0.9,544282,1411902,,2,9.767000000000001
Maychew_Neksege,Maichew-Neqsege,20.7,culvert,I,,,3Ø0.9,544160,1411841,,2,9.866999999999999
Maychew_Neksege,Maichew-Neqsege,22.5,culvert,I,,,1Ø0.9,543540,1411687,,3,0.8329999999999984
Maychew_Neksege,Maichew-Neqsege,23.4,culvert,I,,,1Ø0.9,543006,1411530,,3,1.732999999999997
Maychew_Neksege,Maichew-Neqsege,23.5,culvert,I,,,1Ø0.9,542938,1411402,,3,1.8329999999999984
Maychew_Neksege,Maichew-Neqsege,24.2,culvert,I,,,1Ø0.9,542865,1410837,,3,2.5329999999999977
Maychew_Neksege,Maichew-Neqsege,24.3,culvert,I,,,1Ø0.9,542824,1410734,,3,2.632999999999999
Maychew_Neksege,Maichew-Neqsege,24.5,culvert,F,3.7,,,542348,1409970,,3,2.8329999999999984
Maychew_Neksege,Maichew-Neqsege,24.7,culvert,I,,,1Ø0.9,542716,1410409,,3,3.0329999999999977
Maychew_Neksege,Maichew-Neqsege,24.8,culvert,I,,,1Ø0.9,542767,1410312,,3,3.132999999999999
Maychew_Neksege,Maichew-Neqsege,24.9,culvert,I,,,1Ø0.9,542777,1410242,,3,3.232999999999997
Maychew_Neksege,Maichew-Neqsege,25.0,culvert,I,,,1Ø0.9,542758,1410173,,3,3.3329999999999984
Maychew_Neksege,Maichew-Neqsege,25.2,culvert,I,,,2Ø0.9,542573,1410054,,3,3.5329999999999977
Maychew_Neksege,Maichew-Neqsege,25.3,culvert,I,,,1Ø0.9,542488,1410024,,3,3.632999999999999
Maychew_Neksege,Maichew-Neqsege,25.8,culvert,I,,,1Ø0.9,542049,1410089,,3,4.132999999999999
Maychew_Neksege,Maichew-Neqsege,26.1,culvert,I,,,1Ø0.9,541877,1410194,,3,4.433
Maychew_Neksege,Maichew-Neqsege,26.3,culvert,I,,,1Ø0.9,541699,1410184,,3,4.632999999999999
Maychew_Neksege,Maichew-Neqsege,26.6,culvert,I,,,1Ø0.9,541493,1410249,,3,4.933
Maychew_Neksege,Maichew-Neqsege,27.0,culvert,F,3.7,,,541313,1410021,,3,5.332999999999998
Maychew_Neksege,Maichew-Neqsege,27.4,culvert,I,,,1Ø0.9,540973,1409901,,3,5.732999999999997
Maychew_Neksege,Maichew-Neqsege,28.2,bridge,A,5.7,,,540414,1410045,1.0,3,6.532999999999998
Maychew_Neksege,Maichew-Neqsege,27.4,culvert,I,,,1Ø0.9,540134,1410219,,3,5.732999999999997
Maychew_Neksege,Maichew-Neqsege,28.5,culvert,I,,,1Ø0.9,539576,1410285,,3,6.832999999999998
Maychew_Neksege,Maichew-Neqsege,29.2,culvert,I,,,1Ø0.9,539453,1410351,,3,7.532999999999998
Maychew_Neksege,Maichew-Neqsege,29.3,culvert,I,,,1Ø0.9,539371,1410362,,3,7.632999999999999
Maychew_Neksege,Maichew-Neqsege,29.4,culvert,I,,,1Ø0.9,539095,1410358,,3,7.732999999999997
Maychew_Neksege,Maichew-Neqsege,29.6,culvert,I,,,1Ø0.9,538835,1410356,,3,7.933
Maychew_Neksege,Maichew-Neqsege,29.9,culvert,I,,,1Ø0.9,538528,1410762,,3,8.232999999999997
Maychew_Neksege,Maichew-Neqsege,30.4,culvert,I,,,1Ø0.9,538370,1410925,,3,8.732999999999997
Maychew_Neksege,Maichew-Neqsege,31.1,culvert,I,,,1Ø0.9,538063,1411018,,3,9.433
Maychew_Neksege,Maichew-Neqsege,32.3,culvert,I,,,1Ø0.9,537839,1410849,,3,10.632999999999996
Maychew_Neksege,Maichew-Neqsege,32.6,culvert,I,,,1Ø0.9,537237,1410634,,3,10.933
Maychew_Neksege,Maichew-Neqsege,33.2,bridge,A,10.7,,,537030,1410865,1.0,3,11.533000000000001
Wukro_Tsigereda,Wukro-Tsgereda,0.5,culvert,I,,,1Ø1.10,562072,1521581,,1,0.5
Wukro_Tsigereda,Wukro-Tsgereda,0.6,culvert,I,,,1Ø1.10,562028,1521579,,1,0.6
Wukro_Tsigereda,Wukro-Tsgereda,0.9,bridge,A,11.7,,,561736,1521574,1.0,1,0.9
Wukro_Tsigereda,Wukro-Tsgereda,2.2,culvert,I,,,1Ø1.10,560513,1522044,,1,2.2
Wukro_Tsigereda,Wukro-Tsgereda,4.1,culvert,I,,,1Ø1.10,558945,1523169,,1,4.1
Wukro_Tsigereda,Wukro-Tsgereda,4.8,culvert,I,,,1Ø1.20,558401,1523521,,1,4.8
Wukro_Tsigereda,Wukro-Tsgereda,5.1,other,M,,,,558170,1523603,,1,5.1
Wukro_Tsigereda,Wukro-Tsgereda,6.2,culvert,I,,,1Ø1.20,557016,1523846,,1,6.2
Wukro_Tsigereda,Wukro-Tsgereda,28.7,bridge,A,6.7,,,538635,1523027,1.0,3,8.767
Wukro_Tsigereda,Wukro-Tsgereda,28.7,culvert,I,,,1Ø1.0,556746,1523964,,3,8.767
Wukro_Tsigereda,Wukro-Tsgereda,6.9,culvert,I,,,1Ø1.0,556466,1523910,,1,6.9
Wukro_Tsigereda,Wukro-Tsgereda,7.3,culvert,I,,,1Ø1.0,556195,1523692,,1,7.3
Wukro_Tsigereda,Wukro-Tsgereda,7.5,bridge,A,8.7,,,555932,1523598,1.0,1,7.5
Wukro_Tsigereda,Wukro-Tsgereda,7.7,culvert,I,,,1Ø1.0,555876,1523729,,1,7.7
Wukro_Tsigereda,Wukro-Tsgereda,7.8,culvert,I,,,1Ø1.0,555842,1523804,,1,7.8
Wukro_Tsigereda,Wukro-Tsgereda,7.9,culvert,I,,,1Ø1.0,555796,1523924,,1,7.9
Wukro_Tsigereda,Wukro-Tsgereda,7.9,culvert,I,,,1Ø1.20,555766,1524011,,1,7.9
Wukro_Tsigereda,Wukro-Tsgereda,8.1,culvert,I,,,1Ø1.20,555729,1524147,,1,8.1
Wukro_Tsigereda,Wukro-Tsgereda,8.3,culvert,I,,,1Ø1.0,555686,1524301,,1,8.3
Wukro_Tsigereda,Wukro-Tsgereda,8.5,bridge,A,46.0,,,555452,1524388,2.0,1,8.5
Wukro_Tsigereda,Wukro-Tsgereda,8.9,culvert,I,,,1Ø1.0,555290,1524304,,1,8.9
Wukro_Tsigereda,Wukro-Tsgereda,9.0,culvert,I,,,1Ø1.0,555278,1524262,,1,9.0
Wukro_Tsigereda,Wukro-Tsgereda,9.1,culvert,I,,,1Ø1.0,555268,1524160,,1,9.1
Wukro_Tsigereda,Wukro-Tsgereda,9.2,culvert,I,,,1Ø1.20,555244,1524068,,1,9.2
Wukro_Tsigereda,Wukro-Tsgereda,9.5,culvert,I,,,1Ø1.0,555133,1523852,,1,9.5
Wukro_Tsigereda,Wukro-Tsgereda,9.9,culvert,I,,,1Ø1.0,554995,1523949,,1,9.9
Wukro_Tsigereda,Wukro-Tsgereda,10.0,culvert,I,,,1Ø1.0,554884,1523988,,2,0.032999999999999474
Wukro_Tsigereda,Wukro-Tsgereda,10.1,culvert,I,,,1Ø1.20,554753,1524105,,2,0.13299999999999912
Wukro_Tsigereda,Wukro-Tsgereda,10.2,culvert,I,,,1Ø1.20,554749,1524104,,2,0.23299999999999876
Wukro_Tsigereda,Wukro-Tsgereda,10.2,culvert,I,,,1Ø1.0,554711,1524075,,2,0.23299999999999876
Wukro_Tsigereda,Wukro-Tsgereda,10.5,culvert,I,,,1Ø1.20,554397,1524112,,2,0.5329999999999995
Wukro_Tsigereda,Wukro-Tsgereda,10.7,culvert,I,,,1Ø1.0,554298,1524093,,2,0.7329999999999988
Wukro_Tsigereda,Wukro-Tsgereda,10.9,other,M,,,,554056,1524274,,2,0.9329999999999998
Wukro_Tsigereda,Wukro-Tsgereda,11.5,culvert,I,,,1Ø1.0,553551,1524281,,2,1.5329999999999995
Wukro_Tsigereda,Wukro-Tsgereda,12.3,culvert,I,,,1Ø0.9,552690,1524405,,2,2.333
Wukro_Tsigereda,Wukro-Tsgereda,13.3,culvert,I,,,1Ø0.9,551742,1524640,,2,3.333
Wukro_Tsigereda,Wukro-Tsgereda,13.8,culvert,I,,,1Ø0.9,551312,1524745,,2,3.833
Wukro_Tsigereda,Wukro-Tsgereda,14.2,culvert,I,,,1Ø0.9,550905,1524851,,2,4.232999999999999
Wukro_Tsigereda,Wukro-Tsgereda,14.4,culvert,I,,,1Ø0.9,550697,1524903,,2,4.433
Wukro_Tsigereda,Wukro-Tsgereda,14.8,culvert,I,,,1Ø0.9,550235,1525056,,2,4.833
Wukro_Tsigereda,Wukro-Tsgereda,15.3,culvert,I,,,1Ø0.9,549707,1525441,,2,5.333
Wukro_Tsigereda,Wukro-Tsgereda,15.6,bridge,A,11.5,,,549670,1525476,1.0,2,5.632999999999999
Wukro_Tsigereda,Wukro-Tsgereda,16.0,culvert,I,,,1Ø1.10,549364,1525727,,2,6.0329999999999995
Wukro_Tsigereda,Wukro-Tsgereda,16.0,culvert,I,,,1Ø0.9,549316,1525726,,2,6.0329999999999995
Wukro_Tsigereda,Wukro-Tsgereda,16.5,culvert,I,,,1Ø0.9,548907,1525774,,2,6.5329999999999995
Wukro_Tsigereda,Wukro-Tsgereda,16.6,other,M,,,,548816,1525803,,2,6.633000000000001
Wukro_Tsigereda,Wukro-Tsgereda,17.5,culvert,I,,,3Ø0.9,547936,1525862,,2,7.5329999999999995
Wukro_Tsigereda,Wukro-Tsgereda,18.1,culvert,I,,,2Ø0.8,547261,1525933,,2,8.133000000000001
Wukro_Tsigereda,Wukro-Tsgereda,18.1,culvert,I,,,1Ø1.20,547243,1525934,,2,8.133000000000001
Wukro_Tsigereda,Wukro-Tsgereda,18.2,culvert,I,,,2Ø1.25,547206,1525936,,2,8.232999999999999
Wukro_Tsigereda,Wukro-Tsgereda,18.2,culvert,I,,,1Ø1.25,547161,1525933,,2,8.232999999999999
Wukro_Tsigereda,Wukro-Tsgereda,19.9,other,M,,,,545594,1526078,,2,9.932999999999998
Wukro_Tsigereda,Wukro-Tsgereda,21.0,culvert,I,,,1Ø1.20,544526,1525598,,3,1.0670000000000002
Wukro_Tsigereda,Wukro-Tsgereda,21.5,culvert,I,,,1Ø0.9,544067,1525409,,3,1.5670000000000002
Wukro_Tsigereda,Wukro-Tsgereda,21.6,culvert,I,,,1Ø1.10,543928,1525395,,3,1.6670000000000016
Wukro_Tsigereda,Wukro-Tsgereda,21.9,culvert,I,,,1Ø1.0,543758,1525378,,3,1.9669999999999987
Wukro_Tsigereda,Wukro-Tsgereda,22.1,culvert,I,,,1Ø1.0,543540,1525358,,3,2.1670000000000016
Wukro_Tsigereda,Wukro-Tsgereda,22.4,culvert,I,,,2Ø0.8,543136,1525333,,3,2.4669999999999987
Wukro_Tsigereda,Wukro-Tsgereda,23.4,culvert,I,,,4Ø1.25,542729,1525347,,3,3.4669999999999987
Wukro_Tsigereda,Wukro-Tsgereda,24.0,culvert,I,,,1Ø0.9,541761,1525192,,3,4.067
Wukro_Tsigereda,Wukro-Tsgereda,24.2,culvert,I,,,1Ø1.20,541552,1524960,,3,4.2669999999999995
Wukro_Tsigereda,Wukro-Tsgereda,24.3,other,M,,,,541500,1524864,,3,4.367000000000001
Wukro_Tsigereda,Wukro-Tsgereda,24.5,culvert,I,,,1Ø1.20,541401,1524688,,3,4.567
Wukro_Tsigereda,Wukro-Tsgereda,24.8,culvert,I,,,1Ø1.20,541232,1524410,,3,4.867000000000001
Wukro_Tsigereda,Wukro-Tsgereda,25.3,culvert,I,,,1Ø1.20,540976,1524117,,3,5.367000000000001
Wukro_Tsigereda,Wukro-Tsgereda,25.5,culvert,I,,,1Ø1.20,540722,1524084,,3,5.567
Wukro_Tsigereda,Wukro-Tsgereda,25.9,culvert,I,,,1Ø1.20,540467,1523949,,3,5.966999999999999
Wukro_Tsigereda,Wukro-Tsgereda,26.1,culvert,I,,,1Ø1.20,540290,1524076,,3,6.167000000000002
Wukro_Tsigereda,Wukro-Tsgereda,27.0,culvert,I,,,1Ø1.0,539904,1523856,,3,7.067
Wukro_Tsigereda,Wukro-Tsgereda,27.1,bridge,A,12.0,,,539893,1523835,1.0,3,7.167000000000002
Wukro_Tsigereda,Wukro-Tsgereda,27.3,culvert,I,,,1Ø0.9,539760,1523859,,3,7.367000000000001
Wukro_Tsigereda,Wukro-Tsgereda,27.4,culvert,I,,,1Ø0.9,539628,1523824,,3,7.466999999999999
Wukro_Tsigereda,Wukro-Tsgereda,27.8,culvert,I,,,1Ø0.9,539325,1523677,,3,7.867000000000001
Wukro_Tsigereda,Wukro-Tsgereda,28.2,culvert,I,,,1Ø0.9,538985,1523487,,3,8.267
Wukro_Tsigereda,Wukro-Tsgereda,28.4,culvert,I,,,1Ø0.9,538832,1523318,,3,8.466999999999999
Wukro_Tsigereda,Wukro-Tsgereda,28.7,bridge,A,6.7,,,538635,1523027,1.0,3,8.767
Wukro_Tsigereda,Wukro-Tsgereda,29.2,culvert,I,,,1Ø0.9,538334,1522667,,3,9.267
Brki_Hykimesahl,Brki-Hykmeshal,0.1,culvert,I,,,1Ø0.9,569749,1515160,,1,0.1
Brki_Hykimesahl,Brki-Hykmeshal,9.5,quarry_site,Quarry Site,,,,576582,1521039,,3,0.8330000000000002
Brki_Hykimesahl,Brki-Hykmeshal,1.1,culvert,I,,,1Ø0.9,569719,1516087,,1,1.1
Brki_Hykimesahl,Brki-Hykmeshal,1.7,bridge,A,7.0,,,570022,1516363,1.0,1,1.7
Brki_Hykimesahl,Brki-Hykmeshal,2.0,culvert,I,,,1Ø0.9,570489,1516490,,1,2.0
Brki_Hykimesahl,Brki-Hykmeshal,2.2,bridge,A,5.7,,,570647,1516623,1.0,1,2.2
Brki_Hykimesahl,Brki-Hykmeshal,2.5,culvert,I,,,1Ø0.9,570846,1516534,,1,2.5
Brki_Hykimesahl,Brki-Hykmeshal,3.2,culvert,I,,,1Ø0.9,571442,1516694,,1,3.2
Brki_Hykimesahl,Brki-Hykmeshal,3.7,bridge,A,7.7,,,571492,1517181,1.0,1,3.7
Brki_Hykimesahl,Brki-Hykmeshal,4.5,culvert,F,4.7,,1Ø0.9,572133,1517494,,2,0.16699999999999982
Brki_Hykimesahl,Brki-Hykmeshal,5.2,culvert,I,,,1Ø0.9,572798,1517815,,2,0.867
Brki_Hykimesahl,Brki-Hykmeshal,5.4,culvert,I,,,2Ø1.10,572916,1517872,,2,1.0670000000000002
Brki_Hykimesahl,Brki-Hykmeshal,5.4,culvert,I,,,1Ø1.10,572996,1517913,,2,1.0670000000000002
Brki_Hykimesahl,Brki-Hykmeshal,5.9,culvert,I,,,1Ø1.10,573394,1517989,,2,1.5670000000000002
Brki_Hykimesahl,Brki-Hykmeshal,6.7,culvert,I,,,2Ø1.10,573673,1518647,,2,2.367
Brki_Hykimesahl,Brki-Hykmeshal,6.8,bridge,A,7.7,,,573748,1518798,1.0,2,2.4669999999999996
Brki_Hykimesahl,Brki-Hykmeshal,7.4,culvert,I,,,1Ø1.10,573852,1519273,,2,3.067
Brki_Hykimesahl,Brki-Hykmeshal,7.4,culvert,I,,,2Ø1.10,573879,1519355,,2,3.067
Brki_Hykimesahl,Brki-Hykmeshal,7.6,bridge,A,7.7,,,574105,1519380,1.0,2,3.2669999999999995
Brki_Hykimesahl,Brki-Hykmeshal,8.1,culvert,I,,,1Ø1.10,574457,1519469,,2,3.7669999999999995
Brki_Hykimesahl,Brki-Hykmeshal,8.2,culvert,I,,,1Ø1.10,574568,1519534,,2,3.866999999999999
Brki_Hykimesahl,Brki-Hykmeshal,8.3,bridge,A,7.7,,,574663,1519630,1.0,2,3.9670000000000005
Brki_Hykimesahl,Brki-Hykmeshal,8.9,bridge,A,7.7,,,574961,1520037,1.0,3,0.23300000000000054
Brki_Hykimesahl,Brki-Hykmeshal,9.1,bridge,A,20.7,,,575174,1520252,1.0,3,0.43299999999999983
Brki_Hykimesahl,Brki-Hykmeshal,11.2,culvert,I,,,1Ø0.9,576525,1521307,,3,2.5329999999999995
Hykimesahl_Atsbi,Hykmeshal-Atsbi,0.15,culvert,I,,,1Ø0.9,576417,1521400,,1,0.15
Hykimesahl_Atsbi,Hykmeshal-Atsbi,0.3,culvert,I,,,2Ø1.10,576329,1521453,,1,0.3
Hykimesahl_Atsbi,Hykmeshal-Atsbi,0.8,culvert,I,,,1Ø1.9,575890,1521700,,1,0.8
Hykimesahl_Atsbi,Hykmeshal-Atsbi,1.0,culvert,I,,,1Ø0.9,575804,1521816,,1,1.0
Hykimesahl_Atsbi,Hykmeshal-Atsbi,1.8,culvert,I,,,1Ø0.9,575604,1522325,,1,1.8
Hykimesahl_Atsbi,Hykmeshal-Atsbi,2.2,culvert,I,,,1Ø0.9,575635,1522652,,1,2.2
Hykimesahl_Atsbi,Hykmeshal-Atsbi,2.3,culvert,I,,,1Ø0.9,575700,1522794,,1,2.3
Hykimesahl_Atsbi,Hykmeshal-Atsbi,2.9,culvert,I,,,1Ø0.9,575968,1523223,,1,2.9
Hykimesahl_Atsbi,Hykmeshal-Atsbi,3.0,culvert,I,,,1Ø0.9,576072,1523266,,1,3.0
Hykimesahl_Atsbi,Hykmeshal-Atsbi,3.4,culvert,I,,,1Ø0.9,576282,1523483,,1,3.4
Hykimesahl_Atsbi,Hykmeshal-Atsbi,4.1,culvert,I,,,1Ø0.9,576235,1524102,,1,4.1
Hykimesahl_Atsbi,Hykmeshal-Atsbi,4.2,culvert,I,,,1Ø0.9,576351,1524270,,1,4.2
Hykimesahl_Atsbi,Hykmeshal-Atsbi,4.5,culvert,F,2.0,1.6,,576373,1524470,,1,4.5
Hykimesahl_Atsbi,Hykmeshal-Atsbi,4.6,culvert,I,,,1Ø0.9,576371,1524459,,1,4.6
Hykimesahl_Atsbi,Hykmeshal-Atsbi,4.8,culvert,I,,,1Ø0.9,576425,1524580,,1,4.8
Hykimesahl_Atsbi,Hykmeshal-Atsbi,4.81,other,M,,,,576533,1524711,,1,4.81
Hykimesahl_Atsbi,Hykmeshal-Atsbi,5.5,culvert,I,,,1Ø0.9,577086,1524666,,1,5.5
Hykimesahl_Atsbi,Hykmeshal-Atsbi,5.8,culvert,I,,,1Ø0.9,577219,1524773,,2,0.133
Hykimesahl_Atsbi,Hykmeshal-Atsbi,6.2,other,M,,,,577528,1524633,,2,0.5330000000000004
Hykimesahl_Atsbi,Hykmeshal-Atsbi,6.4,culvert,I,,,1Ø0.9,577721,1524723,,2,0.7330000000000005
Hykimesahl_Atsbi,Hykmeshal-Atsbi,6.5,culvert,I,,,1Ø0.9,577795,1524760,,2,0.8330000000000002
Hykimesahl_Atsbi,Hykmeshal-Atsbi,6.7,culvert,I,,,1Ø0.9,577918,1524966,,2,1.0330000000000004
Hykimesahl_Atsbi,Hykmeshal-Atsbi,6.9,culvert,I,,,1Ø0.9,577944,1525068,,2,1.2330000000000005
Hykimesahl_Atsbi,Hykmeshal-Atsbi,7.3,culvert,I,,,1Ø0.9,577977,1525367,,2,1.633
Hykimesahl_Atsbi,Hykmeshal-Atsbi,7.7,culvert,I,,,1Ø0.9,577850,1525787,,2,2.0330000000000004
Hykimesahl_Atsbi,Hykmeshal-Atsbi,8.1,culvert,I,,,1Ø0.9,577838,1526164,,2,2.433
Hykimesahl_Atsbi,Hykmeshal-Atsbi,8.7,culvert,I,,,1Ø0.9,577845,1526567,,2,3.0329999999999995
Hykimesahl_Atsbi,Hykmeshal-Atsbi,8.9,other,M,,,,577736,1526769,,2,3.2330000000000005
Hykimesahl_Atsbi,Hykmeshal-Atsbi,9.6,culvert,I,,,2Ø1.0,577760,1527490,,2,3.933
Hykimesahl_Atsbi,Hykmeshal-Atsbi,9.9,culvert,I,,,1Ø0.9,577822,1527710,,2,4.2330000000000005
Hykimesahl_Atsbi,Hykmeshal-Atsbi,10.4,culvert,I,,,1Ø0.9,577929,1528221,,2,4.7330000000000005
Hykimesahl_Atsbi,Hykmeshal-Atsbi,10.7,culvert,I,,,2Ø1.10,578036,1528450,,2,5.0329999999999995
Hykimesahl_Atsbi,Hykmeshal-Atsbi,11.2,bridge,A,9.7,,,578399,1528799,1.0,2,5.5329999999999995
Hykimesahl_Atsbi,Hykmeshal-Atsbi,11.4,culvert,I,,,1Ø0.9,578425,1528874,,3,0.06700000000000017
Hykimesahl_Atsbi,Hykmeshal-Atsbi,11.7,culvert,I,,,1Ø0.9,578424,1529174,,3,0.3669999999999991
Hykimesahl_Atsbi,Hykmeshal-Atsbi,12.0,culvert,I,,,1Ø0.9,578465,1529449,,3,0.6669999999999998
Hykimesahl_Atsbi,Hykmeshal-Atsbi,12.1,culvert,I,,,1Ø0.9,578552,1529619,,3,0.7669999999999995
Hykimesahl_Atsbi,Hykmeshal-Atsbi,12.7,culvert,I,,,1Ø0.9,578588,1530300,,3,1.366999999999999
Hykimesahl_Atsbi,Hykmeshal-Atsbi,13.3,culvert,I,,,1Ø0.9,578733,1530709,,3,1.9670000000000005
Hykimesahl_Atsbi,Hykmeshal-Atsbi,13.9,culvert,I,,,1Ø0.9,578758,1531299,,3,2.567
Hykimesahl_Atsbi,Hykmeshal-Atsbi,14.2,culvert,I,,,3Ø1.20,578818,1531560,,3,2.866999999999999
Hykimesahl_Atsbi,Hykmeshal-Atsbi,14.6,culvert,I,,,1Ø0.9,578997,1531892,,3,3.2669999999999995
Hykimesahl_Atsbi,Hykmeshal-Atsbi,14.8,culvert,I,,,1Ø0.9,579098,1532115,,3,3.4670000000000005
Hykimesahl_Atsbi,Hykmeshal-Atsbi,15.2,culvert,I,,,2Ø0.9,579175,1532488,,3,3.866999999999999
Atsbi_Edagahamus,Atsbi-Edagahamus,1.1,culvert,I,,,1Ø1.10,580143,1535865,,1,1.1
Atsbi_Edagahamus,Atsbi-Edagahamus,1.1,culvert,I,,,3Ø1.10,580139,1535874,,1,1.1
Atsbi_Edagahamus,Atsbi-Edagahamus,1.2,culvert,I,,,1Ø1.10,580139,1535900,,1,1.2
Atsbi_Edagahamus,Atsbi-Edagahamus,1.2,culvert,I,,,1Ø1.10,580136,1535956,,1,1.2
Atsbi_Edagahamus,Atsbi-Edagahamus,2.7,culvert,I,,,1Ø0.9,580084,1537408,,1,2.7
Atsbi_Edagahamus,Atsbi-Edagahamus,3.6,culvert,I,,,1Ø1.10,579689,1538191,,1,3.6
Atsbi_Edagahamus,Atsbi-Edagahamus,4.0,bridge,A,8.7,,,579474,1538532,1.0,1,4.0
Atsbi_Edagahamus,Atsbi-Edagahamus,4.9,other,M,,,,579317,1539271,,1,4.9
Atsbi_Edagahamus,Atsbi-Edagahamus,5.7,culvert,I,,,1Ø1.2,579181,1540112,,1,5.7
Atsbi_Edagahamus,Atsbi-Edagahamus,6.4,culvert,I,,,1Ø1.2,579078,1540666,,1,6.4
Atsbi_Edagahamus,Atsbi-Edagahamus,6.7,culvert,I,,,1Ø0.9,579050,1541009,,1,6.7
Atsbi_Edagahamus,Atsbi-Edagahamus,6.9,culvert,I,,,1Ø0.9,579084,1541200,,1,6.9
Atsbi_Edagahamus,Atsbi-Edagahamus,7.1,culvert,I,,,1Ø0.9,579088,1541403,,1,7.1
Atsbi_Edagahamus,Atsbi-Edagahamus,7.4,culvert,I,,,2Ø1.2,579193,1541713,,1,7.4
Atsbi_Edagahamus,Atsbi-Edagahamus,8.5,culvert,I,,,1Ø0.9,579912,1541876,,1,8.5
Atsbi_Edagahamus,Atsbi-Edagahamus,8.6,culvert,I,,,1Ø0.9,580039,1541937,,1,8.6
Atsbi_Edagahamus,Atsbi-Edagahamus,9.5,culvert,I,,,1Ø1.0,580184,1542645,,1,9.5
Atsbi_Edagahamus,Atsbi-Edagahamus,10.6,culvert,I,,,1Ø0.9,580426,1543606,,1,10.6
Atsbi_Edagahamus,Atsbi-Edagahamus,11.0,culvert,I,,,1Ø1.10,580446,1544035,,1,11.0
Atsbi_Edagahamus,Atsbi-Edagahamus,11.1,bridge,A,10.7,,,580330,1544128,1.0,1,11.1
Atsbi_Edagahamus,Atsbi-Edagahamus,11.4,culvert,I,,,1Ø1.0,580482,1544321,,1,11.4
Atsbi_Edagahamus,Atsbi-Edagahamus,11.5,culvert,I,,,1Ø0.9,580464,1544380,,1,11.5
Atsbi_Edagahamus,Atsbi-Edagahamus,11.7,culvert,I,,,1Ø0.9,580409,1544579,,1,11.7
Atsbi_Edagahamus,Atsbi-Edagahamus,12.1,culvert,I,,,1Ø0.9,580315,1545084,,1,12.1
Atsbi_Edagahamus,Atsbi-Edagahamus,12.6,culvert,I,,,1Ø0.9,580338,1545414,,1,12.6
Atsbi_Edagahamus,Atsbi-Edagahamus,13.3,culvert,I,,,2Ø1.10,579899,1545835,,1,13.3
Atsbi_Edagahamus,Atsbi-Edagahamus,13.8,culvert,I,,,1Ø1.0,579555,1546200,,1,13.8
Atsbi_Edagahamus,Atsbi-Edagahamus,14.1,culvert,I,,,1Ø0.9,579346,1546412,,1,14.1
Atsbi_Edagahamus,Atsbi-Edagahamus,14.4,culvert,I,,,1Ø0.9,579193,1546639,,1,14.4
Atsbi_Edagahamus,Atsbi-Edagahamus,14.7,culvert,I,,,1Ø1.2,579104,1547006,,1,14.7
Atsbi_Edagahamus,Atsbi-Edagahamus,15.1,culvert,I,,,1Ø0.8,578982,1547343,,1,15.1
Atsbi_Edagahamus,Atsbi-Edagahamus,15.3,culvert,I,,,1Ø0.9,578943,1547463,,1,15.3
Atsbi_Edagahamus,Atsbi-Edagahamus,15.31,other,M,,,,578914,1547511,,1,15.31
Atsbi_Edagahamus,Atsbi-Edagahamus,16.2,culvert,I,,,1Ø1.20,578914,1547511,,1,16.2
Atsbi_Edagahamus,Atsbi-Edagahamus,16.9,culvert,I,,,1Ø0.9,578475,1548022,,1,16.9
Atsbi_Edagahamus,Atsbi-Edagahamus,16.9,culvert,I,,,1Ø0.9,577761,1548379,,1,16.9
Atsbi_Edagahamus,Atsbi-Edagahamus,17.2,culvert,I,,,1Ø0.9,577610,1548591,,1,17.2
Atsbi_Edagahamus,Atsbi-Edagahamus,17.7,other,M,,,,577373,1548957,,2,0.3999999999999986
Atsbi_Edagahamus,Atsbi-Edagahamus,18.1,culvert,I,,,1Ø1.2,577105,1549299,,2,0.8000000000000007
Atsbi_Edagahamus,Atsbi-Edagahamus,18.9,other,M,,,,577006,1549871,,2,1.5999999999999979
Atsbi_Edagahamus,Atsbi-Edagahamus,19.6,culvert,I,,,1Ø0.9,577261,1550438,,2,2.3000000000000007
Atsbi_Edagahamus,Atsbi-Edagahamus,19.9,culvert,I,,,1Ø1.10,577393,1550695,,2,2.599999999999998
Atsbi_Edagahamus,Atsbi-Edagahamus,20.3,culvert,I,,,1Ø1.10,577649,1551083,,2,3.0
Atsbi_Edagahamus,Atsbi-Edagahamus,21.0,culvert,I,,,1Ø1.10,577867,1551675,,2,3.6999999999999993
Atsbi_Edagahamus,Atsbi-Edagahamus,21.7,culvert,I,,,1Ø1.0,578411,1551964,,2,4.399999999999999
Atsbi_Edagahamus,Atsbi-Edagahamus,22.4,bridge,A,5.7,,,578700,1552586,1.0,2,5.099999999999998
Atsbi_Edagahamus,Atsbi-Edagahamus,23.9,culvert,I,,,1Ø1.0,578808,1553350,,2,6.599999999999998
Atsbi_Edagahamus,Atsbi-Edagahamus,24.0,culvert,I,,,1Ø1.10,578933,1553371,,2,6.699999999999999
Atsbi_Edagahamus,Atsbi-Edagahamus,24.2,culvert,I,,,1Ø0.9,578972,1553420,,2,6.899999999999999
Atsbi_Edagahamus,Atsbi-Edagahamus,24.5,culvert,I,,,1Ø0.9,578690,1553427,,2,7.199999999999999
Atsbi_Edagahamus,Atsbi-Edagahamus,29.6,culvert,I,,,1Ø0.9,578601,1553372,,2,12.3
Atsbi_Edagahamus,Atsbi-Edagahamus,24.9,culvert,I,,,1Ø0.9,578527,1553234,,2,7.599999999999998
Atsbi_Edagahamus,Atsbi-Edagahamus,25.0,culvert,I,,,1Ø0.9,578426,1553253,,2,7.699999999999999
Atsbi_Edagahamus,Atsbi-Edagahamus,26.7,culvert,I,,,1Ø1.20,577321,1554153,,2,9.399999999999999
Atsbi_Edagahamus,Atsbi-Edagahamus,26.9,culvert,I,,,1Ø0.9,577227,1554316,,2,9.599999999999998
Atsbi_Edagahamus,Atsbi-Edagahamus,27.4,culvert,I,,,1Ø1.10,576821,1554700,,2,10.099999999999998
Atsbi_Edagahamus,Atsbi-Edagahamus,28.7,culvert,I,,,1Ø1.10,575780,1555321,,2,11.399999999999999
Atsbi_Edagahamus,Atsbi-Edagahamus,29.2,culvert,I,,,1Ø0.9,575664,1555384,,2,11.899999999999999
Atsbi_Edagahamus,Atsbi-Edagahamus,30.2,culvert,I,,,1Ø0.9,575779,1556227,,2,12.899999999999999
Atsbi_Edagahamus,Atsbi-Edagahamus,31.0,culvert,I,,,1Ø1.10,575790,1556493,,2,13.7
Atsbi_Edagahamus,Atsbi-Edagahamus,31.4,culvert,I,,,1Ø1.10,575578,1556532,,2,14.099999999999998
Atsbi_Edagahamus,Atsbi-Edagahamus,31.9,culvert,I,,,1Ø0.9,575341,1556903,,2,14.599999999999998
Atsbi_Edagahamus,Atsbi-Edagahamus,32.5,bridge,A,7.7,,,575248,1557199,1.0,2,15.2
Atsbi_Edagahamus,Atsbi-Edagahamus,33.0,culvert,I,,,1Ø0.9,575051,1557539,,2,15.7
Atsbi_Edagahamus,Atsbi-Edagahamus,34.5,culvert,I,,,1Ø1.20,574314,1558775,,2,17.2
Atsbi_Edagahamus,Atsbi-Edagahamus,34.9,culvert,I,,,1Ø1.10,574138,1559048,,3,0.29999999999999716
Atsbi_Edagahamus,Atsbi-Edagahamus,36.2,culvert,I,,,1Ø0.9,573338,1559756,,3,1.6000000000000014
Atsbi_Edagahamus,Atsbi-Edagahamus,37.1,culvert,I,,,1Ø1.0,572989,1559374,,3,2.5
Atsbi_Edagahamus,Atsbi-Edagahamus,38.6,culvert,I,,,1Ø1.0,571802,1559555,,3,4.0
Atsbi_Edagahamus,Atsbi-Edagahamus,39.4,culvert,I,,,1Ø1.0,571094,1559769,,3,4.799999999999997
Atsbi_Edagahamus,Atsbi-Edagahamus,40.2,culvert,I,,,1Ø1.0,570330,1560139,,3,5.600000000000001
Atsbi_Edagahamus,Atsbi-Edagahamus,41.4,culvert,I,,,1Ø1.0,569302,1560655,,3,6.799999999999997
Atsbi_Edagahamus,Atsbi-Edagahamus,43.7,culvert,I,,,1Ø1.0,568059,1562234,,3,9.100000000000001
Atsbi_Edagahamus,Atsbi-Edagahamus,45.1,culvert,I,,,1Ø1.0,567268,1563343,,3,10.5
Atsbi_Edagahamus,Atsbi-Edagahamus,46.1,culvert,I,,,1Ø1.0,566461,1563925,,3,11.5
Atsbi_Edagahamus,Atsbi-Edagahamus,46.7,culvert,I,,,1Ø1.0,566569,1564367,,3,12.100000000000001
Atsbi_Edagahamus,Atsbi-Edagahamus,47.4,other,M,,,,566635,1565005,,3,12.799999999999997
Atsbi_Edagahamus,Atsbi-Edagahamus,47.7,culvert,I,,,2Ø1.25,566572,1565289,,3,13.100000000000001
Atsbi_Edagahamus,Atsbi-Edagahamus,48.0,culvert,I,,,1Ø0.9,566579,1565641,,3,13.399999999999999
Atsbi_Edagahamus,Atsbi-Edagahamus,48.7,culvert,I,,,1Ø0.9,566352,1566194,,3,14.100000000000001
Atsbi_Edagahamus,Atsbi-Edagahamus,49.6,culvert,I,,,1Ø1.0,565622,1566783,,3,15.0
Atsbi_Edagahamus,Atsbi-Edagahamus,49.8,culvert,I,,,1Ø1.0,565507,1566891,,3,15.199999999999996
Atsbi_Edagahamus,Atsbi-Edagahamus,50.6,culvert,I,,,1Ø0.9,564711,1566999,,3,16.0
Atsbi_Edagahamus,Atsbi-Edagahamus,51.1,culvert,I,,,1Ø0.9,564269,1566917,,3,16.5
Atsbi_Edagahamus,Atsbi-Edagahamus,51.7,culvert,I,,,1Ø1.0,563720,1567020,,3,17.1
Atsbi_Edagahamus,Atsbi-Edagahamus,53.1,culvert,I,,,2Ø1.10,562511,1567622,,3,18.5
Edagahamus_Sewne,Edagahamus-Sewne,0.2,culvert,I,,,1Ø0.9,561613,1568315,,1,0.2
Edagahamus_Sewne,Edagahamus-Sewne,14.6,quarry_site,Quarry Site,,,,571385,1574287,,2,5.51
Edagahamus_Sewne,Edagahamus-Sewne,0.45,other,M,,,,561878,1568403,,1,0.45
Edagahamus_Sewne,Edagahamus-Sewne,1.4,culvert,I,,,1Ø0.8,562760,1568617,,1,1.4
Edagahamus_Sewne,Edagahamus-Sewne,27.0,quarry_site,Quarry Site,,,,577304,1579803,,3,8.82
Edagahamus_Sewne,Edagahamus-Sewne,1.6,culvert,I,,,1Ø0.8,562907,1568717,,1,1.6
Edagahamus_Sewne,Edagahamus-Sewne,2.0,culvert,I,,,1Ø0.8,563322,1568912,,1,2.0
Edagahamus_Sewne,Edagahamus-Sewne,2.5,culvert,I,,,1Ø0.8,563603,1569239,,1,2.5
Edagahamus_Sewne,Edagahamus-Sewne,3.0,culvert,I,,,1Ø0.8,563865,1569714,,1,3.0
Edagahamus_Sewne,Edagahamus-Sewne,3.5,culvert,I,,,1Ø1.20,564064,1570203,,1,3.5
Edagahamus_Sewne,Edagahamus-Sewne,3.7,culvert,I,,,1Ø0.8,564148,1570342,,1,3.7
Edagahamus_Sewne,Edagahamus-Sewne,4.1,culvert,I,,,1Ø1.2,564535,1570729,,1,4.1
Edagahamus_Sewne,Edagahamus-Sewne,4.6,culvert,I,,,1Ø1.2,564705,1571001,,1,4.6
Edagahamus_Sewne,Edagahamus-Sewne,4.8,culvert,I,,,4Ø0.9,564793,1571122,,1,4.8
Edagahamus_Sewne,Edagahamus-Sewne,5.5,culvert,I,,,1Ø0.8,565489,1571164,,1,5.5
Edagahamus_Sewne,Edagahamus-Sewne,6.0,culvert,I,,,1Ø0.8,565937,1571209,,1,6.0
Edagahamus_Sewne,Edagahamus-Sewne,6.05,culvert,I,,,1Ø0.8,566031,1571211,,1,6.05
Edagahamus_Sewne,Edagahamus-Sewne,6.9,culvert,I,,,1Ø1.0,566831,1570930,,1,6.9
Edagahamus_Sewne,Edagahamus-Sewne,7.3,culvert,I,,,1Ø1.0,567177,1570688,,1,7.3
Edagahamus_Sewne,Edagahamus-Sewne,9.2,culvert,I,,,1Ø1.0,568823,1570273,,2,0.10999999999999943
Edagahamus_Sewne,Edagahamus-Sewne,9.4,culvert,I,,,1Ø0.8,569106,1570254,,2,0.3100000000000005
Edagahamus_Sewne,Edagahamus-Sewne,9.7,culvert,I,,,1Ø0.8,569312,1570278,,2,0.6099999999999994
Edagahamus_Sewne,Edagahamus-Sewne,9.8,culvert,I,,,1Ø0.8,569356,1570354,,2,0.7100000000000009
Edagahamus_Sewne,Edagahamus-Sewne,10.6,culvert,I,,,1Ø0.8,569849,1571095,,2,1.5099999999999998
Edagahamus_Sewne,Edagahamus-Sewne,10.8,culvert,I,,,1Ø0.8,569918,1571228,,2,1.7100000000000009
Edagahamus_Sewne,Edagahamus-Sewne,11.2,culvert,I,,,1Ø0.8,570126,1571614,,2,2.1099999999999994
Edagahamus_Sewne,Edagahamus-Sewne,11.6,culvert,I,,,1Ø0.8,570213,1571952,,2,2.51
Edagahamus_Sewne,Edagahamus-Sewne,12.0,culvert,I,,,2Ø1.2,570186,1572304,,2,2.91
Edagahamus_Sewne,Edagahamus-Sewne,12.1,culvert,I,,,2Ø1.2,570162,1572395,,2,3.01
Edagahamus_Sewne,Edagahamus-Sewne,12.4,culvert,I,,,1Ø0.8,570252,1572615,,2,3.3100000000000005
Edagahamus_Sewne,Edagahamus-Sewne,12.7,culvert,I,,,1Ø0.8,570309,1572887,,2,3.6099999999999994
Edagahamus_Sewne,Edagahamus-Sewne,13.0,culvert,I,,,2Ø1.2,570353,1573204,,2,3.91
Edagahamus_Sewne,Edagahamus-Sewne,13.6,culvert,I,,,2Ø1.2,570504,1573739,,2,4.51
Edagahamus_Sewne,Edagahamus-Sewne,14.0,culvert,I,,,2Ø1.2,570766,1574071,,2,4.91
Edagahamus_Sewne,Edagahamus-Sewne,14.7,culvert,I,,,1Ø1.20,571183,1574384,,2,5.609999999999999
Edagahamus_Sewne,Edagahamus-Sewne,14.8,culvert,I,,,1Ø0.8,571471,1574248,,2,5.710000000000001
Edagahamus_Sewne,Edagahamus-Sewne,15.2,culvert,I,,,1Ø0.8,571619,1574265,,2,6.109999999999999
Edagahamus_Sewne,Edagahamus-Sewne,15.3,culvert,I,,,1Ø0.8,571642,1574331,,2,6.210000000000001
Edagahamus_Sewne,Edagahamus-Sewne,15.5,culvert,I,,,1Ø0.8,571832,1574495,,2,6.41
Edagahamus_Sewne,Edagahamus-Sewne,15.6,culvert,I,,,1Ø0.8,571882,1574534,,2,6.51
Edagahamus_Sewne,Edagahamus-Sewne,16.1,culvert,F,4.9,3.0,,572014,1574846,,2,7.010000000000002
Edagahamus_Sewne,Edagahamus-Sewne,16.3,culvert,I,,,1Ø1.0,572209,1574869,,2,7.210000000000001
Edagahamus_Sewne,Edagahamus-Sewne,16.4,culvert,I,,,1Ø1.0,572311,1574851,,2,7.309999999999999
Edagahamus_Sewne,Edagahamus-Sewne,16.5,culvert,I,,,1Ø1.0,572452,1574752,,2,7.41
Edagahamus_Sewne,Edagahamus-Sewne,16.8,culvert,I,,,1Ø1.0,572588,1574635,,2,7.710000000000001
Edagahamus_Sewne,Edagahamus-Sewne,17.1,culvert,I,,,2Ø1.0,572915,1574681,,2,8.010000000000002
Edagahamus_Sewne,Edagahamus-Sewne,17.4,culvert,I,,,1Ø1.0,573279,1574753,,2,8.309999999999999
Edagahamus_Sewne,Edagahamus-Sewne,17.7,culvert,I,,,1Ø1.0,573467,1574734,,2,8.61
Edagahamus_Sewne,Edagahamus-Sewne,17.8,culvert,I,,,1Ø0.8,573635,1574649,,2,8.71
Edagahamus_Sewne,Edagahamus-Sewne,17.9,culvert,I,,,1Ø0.8,573721,1574631,,2,8.809999999999999
Edagahamus_Sewne,Edagahamus-Sewne,18.4,culvert,I,,,1Ø0.8,573974,1574820,,3,0.21999999999999886
Edagahamus_Sewne,Edagahamus-Sewne,20.0,culvert,I,,,1Ø0.8,574239,1575852,,3,1.8200000000000003
Edagahamus_Sewne,Edagahamus-Sewne,20.3,culvert,I,,,1Ø0.8,574295,1576008,,3,2.120000000000001
Edagahamus_Sewne,Edagahamus-Sewne,21.2,culvert,I,,,1Ø0.8,574340,1576381,,3,3.0199999999999996
Edagahamus_Sewne,Edagahamus-Sewne,21.3,culvert,I,,,1Ø0.8,574397,1576473,,3,3.120000000000001
Edagahamus_Sewne,Edagahamus-Sewne,21.4,culvert,I,,,1Ø0.8,574543,1576578,,3,3.219999999999999
Edagahamus_Sewne,Edagahamus-Sewne,22.2,culvert,I,,,1Ø0.8,574602,1576954,,3,4.02
Edagahamus_Sewne,Edagahamus-Sewne,22.3,culvert,I,,,1Ø0.8,574545,1577037,,3,4.120000000000001
Edagahamus_Sewne,Edagahamus-Sewne,22.4,culvert,I,,,1Ø0.8,574489,1577124,,3,4.219999999999999
Edagahamus_Sewne,Edagahamus-Sewne,22.7,culvert,I,,,2Ø1.2,574498,1577294,,3,4.52
Edagahamus_Sewne,Edagahamus-Sewne,22.8,culvert,I,,,1Ø0.8,574613,1577308,,3,4.620000000000001
Edagahamus_Sewne,Edagahamus-Sewne,23.1,culvert,I,,,1Ø0.8,574777,1577239,,3,4.920000000000002
Edagahamus_Sewne,Edagahamus-Sewne,23.2,culvert,I,,,1Ø0.8,574961,1577336,,3,5.02
Edagahamus_Sewne,Edagahamus-Sewne,23.8,culvert,I,,,1Ø0.8,575113,1577525,,3,5.620000000000001
Edagahamus_Sewne,Edagahamus-Sewne,23.9,culvert,I,,,1Ø0.8,575188,1577615,,3,5.719999999999999
Edagahamus_Sewne,Edagahamus-Sewne,24.1,culvert,I,,,1Ø0.8,575335,1577733,,3,5.920000000000002
Edagahamus_Sewne,Edagahamus-Sewne,24.2,bridge,A,10.7,,,575393,1577812,1.0,3,6.02
Edagahamus_Sewne,Edagahamus-Sewne,24.3,culvert,I,,,2Ø1.0,575513,1577822,,3,6.120000000000001
Edagahamus_Sewne,Edagahamus-Sewne,24.5,culvert,I,,,1Ø0.8,575542,1577940,,3,6.32
Edagahamus_Sewne,Edagahamus-Sewne,24.5,culvert,I,,,1Ø0.8,575606,1578034,,3,6.32
Edagahamus_Sewne,Edagahamus-Sewne,24.8,culvert,I,,,1Ø0.8,575688,1578255,,3,6.620000000000001
Edagahamus_Sewne,Edagahamus-Sewne,25.0,culvert,I,,,1Ø0.8,575812,1578479,,3,6.82
Edagahamus_Sewne,Edagahamus-Sewne,25.5,culvert,I,,,1Ø0.8,575879,1578866,,3,7.32
Edagahamus_Sewne,Edagahamus-Sewne,25.6,culvert,I,,,1Ø0.8,575940,1578966,,3,7.420000000000002
Edagahamus_Sewne,Edagahamus-Sewne,25.7,culvert,I,,,1Ø0.8,576017,1579083,,3,7.52
Edagahamus_Sewne,Edagahamus-Sewne,26.2,culvert,I,,,1Ø0.8,576072,1579212,,3,8.02
Edagahamus_Sewne,Edagahamus-Sewne,26.5,culvert,I,,,1Ø1.2,576259,1579351,,3,8.32
Edagahamus_Sewne,Edagahamus-Sewne,26.5,culvert,I,,,1Ø0.8,576543,1579438,,3,8.32
Edagahamus_Sewne,Edagahamus-Sewne,26.6,culvert,I,,,1Ø0.8,576628,1579526,,3,8.420000000000002
Edagahamus_Sewne,Edagahamus-Sewne,26.8,culvert,I,,,1Ø0.8,576779,1579643,,3,8.620000000000001
Edagahamus_Sewne,Edagahamus-Sewne,27.5,culvert,I,,,1Ø0.8,577372,1579734,,3,9.32
Mugulat_Azeba,Mugulat-Azeba,0.38,culvert,I,,,1Ø1.0,540934,1572905,,1,0.38
Mugulat_Azeba,Mugulat-Azeba,0.47,culvert,I,,,1Ø1.0,540927,1572822,,1,0.47
Mugulat_Azeba,Mugulat-Azeba,1.3,culvert,I,,,1Ø1.0,540444,1572641,,1,1.3
Mugulat_Azeba,Mugulat-Azeba,1.4,other,K,,,,540353,1572577,,1,1.4
Mugulat_Azeba,Mugulat-Azeba,1.9,culvert,I,,,1Ø1.0,540112,1572181,,1,1.9
Mugulat_Azeba,Mugulat-Azeba,2.5,culvert,I,,,1Ø1.0,540040,1571698,,1,2.5
Mugulat_Azeba,Mugulat-Azeba,2.6,culvert,I,,,1Ø1.20,539931,1571639,,1,2.6
Mugulat_Azeba,Mugulat-Azeba,3.0,culvert,I,,,1Ø0.8,540043,1571253,,1,3.0
Mugulat_Azeba,Mugulat-Azeba,3.2,culvert,I,,,1Ø0.9,540147,1571059,,1,3.2
Mugulat_Azeba,Mugulat-Azeba,3.5,culvert,I,,,1Ø0.9,539909,1570931,,1,3.5
Mugulat_Azeba,Mugulat-Azeba,3.8,culvert,I,,,1Ø0.9,539680,1570852,,1,3.8
Mugulat_Azeba,Mugulat-Azeba,4.0,other,L,,,,539595,1570645,,1,4.0
Mugulat_Azeba,Mugulat-Azeba,4.8,other,L,,,,539680,1570852,,1,4.8
Mugulat_Azeba,Mugulat-Azeba,4.9,culvert,I,,,2Ø1.0,540217,1570192,,1,4.9
Mugulat_Azeba,Mugulat-Azeba,5.3,culvert,I,,,1Ø1.0,540601,1570072,,1,5.3
Mugulat_Azeba,Mugulat-Azeba,5.7,culvert,I,,,1Ø0.8,540839,1569943,,1,5.7
Mugulat_Azeba,Mugulat-Azeba,5.8,culvert,I,,,1Ø0.8,540697,1569795,,1,5.8
Mugulat_Azeba,Mugulat-Azeba,5.9,culvert,I,,,1Ø0.8,540672,1569778,,1,5.9
Mugulat_Azeba,Mugulat-Azeba,6.0,culvert,I,,,1Ø1.0,540755,1569722,,1,6.0
Mugulat_Azeba,Mugulat-Azeba,6.2,culvert,I,,,1Ø1.20,540943,1569710,,1,6.2
Mugulat_Azeba,Mugulat-Azeba,6.4,culvert,I,,,1Ø1.20,541111,1569747,,1,6.4
Mugulat_Azeba,Mugulat-Azeba,6.7,culvert,I,,,1Ø1.20,541165,1569732,,1,6.7
Mugulat_Azeba,Mugulat-Azeba,7.0,culvert,I,,,2Ø1.20,541195,1569623,,2,0.20000000000000018
Mugulat_Azeba,Mugulat-Azeba,7.2,culvert,I,,,1Ø0.9,541366,1569627,,2,0.40000000000000036
Mugulat_Azeba,Mugulat-Azeba,7.9,bridge,A,10.7,,,541716,1569396,1.0,2,1.1000000000000005
Mugulat_Azeba,Mugulat-Azeba,8.2,culvert,I,,,1Ø1.0,541840,1569221,,2,1.3999999999999995
Mugulat_Azeba,Mugulat-Azeba,8.3,culvert,I,,,1Ø0.8,541917,1569144,,2,1.5000000000000009
Mugulat_Azeba,Mugulat-Azeba,8.6,culvert,F,4.7,,,541784,1568831,,2,1.7999999999999998
Mugulat_Azeba,Mugulat-Azeba,8.9,culvert,I,,,1Ø0.9,541911,1568664,,2,2.1000000000000005
Mugulat_Azeba,Mugulat-Azeba,9.0,culvert,I,,,1Ø0.9,541963,1568600,,2,2.2
Mugulat_Azeba,Mugulat-Azeba,9.1,culvert,I,,,2Ø1.2,541931,1568455,,2,2.3
Mugulat_Azeba,Mugulat-Azeba,9.3,culvert,I,,,1Ø0.9,541925,1568450,,2,2.500000000000001
Mugulat_Azeba,Mugulat-Azeba,9.9,culvert,I,,,2Ø1.0,542105,1567766,,2,3.1000000000000005
Mugulat_Azeba,Mugulat-Azeba,10.9,culvert,I,,,1Ø0.8,542527,1566891,,2,4.1000000000000005
Mugulat_Azeba,Mugulat-Azeba,11.6,culvert,I,,,1Ø0.9,542791,1566625,,2,4.8
Mugulat_Azeba,Mugulat-Azeba,12.0,other,L,,,,542726,1566401,,2,5.2
Mugulat_Azeba,Mugulat-Azeba,12.3,culvert,I,,,1Ø0.9,542576,1566378,,2,5.500000000000001
Mugulat_Azeba,Mugulat-Azeba,12.7,culvert,I,,,1Ø1.20,542438,1566455,,2,5.8999999999999995
Mugulat_Azeba,Mugulat-Azeba,15.0,culvert,I,,,1Ø1.0,541045,1565909,,3,1.4000000000000004
Mugulat_Azeba,Mugulat-Azeba,15.6,culvert,I,,,1Ø0.9,540721,1565561,,3,2.0
Mugulat_Azeba,Mugulat-Azeba,16.0,culvert,I,,,1Ø1.0,540468,1565183,,3,2.4000000000000004
Mugulat_Azeba,Mugulat-Azeba,16.3,culvert,I,,,1Ø1.0,540474,1565181,,3,2.700000000000001
Mugulat_Azeba,Mugulat-Azeba,16.7,bridge,A,21.0,,,540213,1565347,1.0,3,3.0999999999999996
Mugulat_Azeba,Mugulat-Azeba,17.3,culvert,I,,,1Ø1.0,540055,1565174,,3,3.700000000000001
Mugulat_Azeba,Mugulat-Azeba,17.5,culvert,I,,,1Ø1.0,539846,1565099,,3,3.9000000000000004
Mugulat_Azeba,Mugulat-Azeba,17.9,culvert,F,4.7,,,539656,1565434,,3,4.299999999999999
Mugulat_Azeba,Mugulat-Azeba,18.2,bridge,A,5.7,,,539287,1565394,1.0,3,4.6
Mugulat_Azeba,Mugulat-Azeba,19.0,other,M,,,,538667,1565235,,3,5.4
Mugulat_Azeba,Mugulat-Azeba,19.3,other,M,,,,538385,1565146,,3,5.700000000000001
Mugulat_Azeba,Mugulat-Azeba,19.6,other,M,,,,538179,1564888,,3,6.000000000000002
Mugulat_Azeba,Mugulat-Azeba,20.5,bridge,A,6.7,,,537337,1565120,1.0,3,6.9
