road_name_norm,road_from,road_to,section_no,asset,station_km_in_section,type_raw,easting,northing
dengolatgijet,Dengolat,Gijet,1,culvert,20.200,,520159.61,1476571.69
maichewneqsege,Maichew,Neqsege,1,bridge,1.500,,556027.00,1409749.00
maichewneqsege,Maichew,Neqsege,1,bridge,3.700,,553956.00,1410081.00
maichewneqsege,Maichew,Neqsege,1,bridge,8.100,,551311.00,1411858.00
maichewneqsege,Maichew,Neqsege,1,bridge,8.400,,551026.00,1411898.00
maichewneqsege,Maichew,Neqsege,1,bridge,10.700,,549481.00,1412411.00
maichewneqsege,Maichew,Neqsege,2,bridge,0.667,,549229.00,1412488.00
maichewneqsege,Maichew,Neqsege,2,bridge,5.967,,545476.00,1411793.00
maichewneqsege,Maichew,Neqsege,3,bridge,6.533,,540414.00,1410045.00
maichewneqsege,Maichew,Neqsege,3,bridge,11.533,,537030.00,1410865.00
maichewneqsege,Maichew,Neqsege,1,culvert,1.700,,555747.00,1409824.00
maichewneqsege,Maichew,Neqsege,1,culvert,2.600,,555003.00,1409949.00
maichewneqsege,Maichew,Neqsege,1,culvert,2.700,,554906.00,1409959.00
maichewneqsege,Maichew,Neqsege,1,culvert,3.200,,554426.00,1410027.00
maichewneqsege,Maichew,Neqsege,1,culvert,3.500,,554200.00,1410062.00
maichewneqsege,Maichew,Neqsege,1,culvert,3.900,,553791.00,1409918.00
maichewneqsege,Maichew,Neqsege,1,culvert,4.200,,553570.00,1409822.00
maichewneqsege,Maichew,Neqsege,1,culvert,4.500,,553386.00,1409961.00
maichewneqsege,Maichew,Neqsege,1,culvert,4.700,,553251.00,1410150.00
maichewneqsege,Maichew,Neqsege,1,culvert,5.000,,553134.00,1410317.00
maichewneqsege,Maichew,Neqsege,1,culvert,5.200,,552931.00,1410318.00
maichewneqsege,Maichew,Neqsege,1,culvert,5.400,,552838.00,1410449.00
maichewneqsege,Maichew,Neqsege,1,culvert,5.700,,552635.00,1410682.00
maichewneqsege,Maichew,Neqsege,1,culvert,6.000,,552363.00,1410783.00
maichewneqsege,Maichew,Neqsege,1,culvert,6.500,,552007.00,1410874.00
maichewneqsege,Maichew,Neqsege,1,culvert,6.700,,551766.00,1411031.00
maichewneqsege,Maichew,Neqsege,1,culvert,7.000,,551475.00,1411050.00
maichewneqsege,Maichew,Neqsege,1,culvert,7.800,,551204.00,1411555.00
maichewneqsege,Maichew,Neqsege,1,culvert,8.200,,551269.00,1411870.00
maichewneqsege,Maichew,Neqsege,1,culvert,9.000,,550553.00,1411938.00
maichewneqsege,Maichew,Neqsege,1,culvert,9.100,,550454.00,1411952.00
maichewneqsege,Maichew,Neqsege,1,culvert,9.700,,550114.00,1412264.00
maichewneqsege,Maichew,Neqsege,2,culvert,0.267,,549229.00,1412488.00
maichewneqsege,Maichew,Neqsege,2,culvert,0.967,,548949.00,1412548.00
maichewneqsege,Maichew,Neqsege,2,culvert,1.667,,548624.00,1412640.00
maichewneqsege,Maichew,Neqsege,2,culvert,1.767,,548501.00,1412646.00
maichewneqsege,Maichew,Neqsege,2,culvert,1.867,,548415.00,1412641.00
maichewneqsege,Maichew,Neqsege,2,culvert,2.867,,547638.00,1412405.00
maichewneqsege,Maichew,Neqsege,2,culvert,3.167,,547426.00,1412532.00
maichewneqsege,Maichew,Neqsege,2,culvert,3.567,,547175.00,1412431.00
maichewneqsege,Maichew,Neqsege,2,culvert,4.067,,546650.00,1412464.00
maichewneqsege,Maichew,Neqsege,2,culvert,4.467,,546367.00,1412304.00
maichewneqsege,Maichew,Neqsege,2,culvert,4.867,,546142.00,1411944.00
maichewneqsege,Maichew,Neqsege,2,culvert,4.967,,546079.00,1411819.00
maichewneqsege,Maichew,Neqsege,2,culvert,5.167,,545935.00,1411764.00
maichewneqsege,Maichew,Neqsege,2,culvert,5.267,,545873.00,1411767.00
maichewneqsege,Maichew,Neqsege,2,culvert,6.667,,545173.00,1412038.00
maichewneqsege,Maichew,Neqsege,2,culvert,6.867,,545051.00,1412060.00
maichewneqsege,Maichew,Neqsege,2,culvert,7.467,,544872.00,1412036.00
maichewneqsege,Maichew,Neqsege,2,culvert,7.567,,544904.00,1411960.00
maichewneqsege,Maichew,Neqsege,2,culvert,7.867,,545026.00,1411753.00
maichewneqsege,Maichew,Neqsege,2,culvert,8.267,,545128.00,1411478.00
maichewneqsege,Maichew,Neqsege,2,culvert,8.467,,545268.00,1411877.00
maichewneqsege,Maichew,Neqsege,2,culvert,8.567,,544986.00,1411312.00
maichewneqsege,Maichew,Neqsege,2,culvert,8.867,,544706.00,1411487.00
maichewneqsege,Maichew,Neqsege,2,culvert,9.067,,544617.00,1411583.00
maichewneqsege,Maichew,Neqsege,2,culvert,9.567,,544472.00,1411896.00
maichewneqsege,Maichew,Neqsege,2,culvert,9.767,,544282.00,1411902.00
maichewneqsege,Maichew,Neqsege,2,culvert,9.867,,544160.00,1411841.00
maichewneqsege,Maichew,Neqsege,3,culvert,0.833,,543540.00,1411687.00
maichewneqsege,Maichew,Neqsege,3,culvert,1.733,,543006.00,1411530.00
maichewneqsege,Maichew,Neqsege,3,culvert,1.833,,542938.00,1411402.00
maichewneqsege,Maichew,Neqsege,3,culvert,2.533,,542865.00,1410837.00
maichewneqsege,Maichew,Neqsege,3,culvert,2.633,,542824.00,1410734.00
maichewneqsege,Maichew,Neqsege,3,culvert,2.833,,542348.00,1409970.00
maichewneqsege,Maichew,Neqsege,3,culvert,3.033,,542716.00,1410409.00
maichewneqsege,Maichew,Neqsege,3,culvert,3.133,,542767.00,1410312.00
maichewneqsege,Maichew,Neqsege,3,culvert,3.233,,542777.00,1410242.00
maichewneqsege,Maichew,Neqsege,3,culvert,3.333,,542758.00,1410173.00
maichewneqsege,Maichew,Neqsege,3,culvert,3.533,,542573.00,1410054.00
maichewneqsege,Maichew,Neqsege,3,culvert,3.633,,542488.00,1410024.00
maichewneqsege,Maichew,Neqsege,3,culvert,4.133,,542049.00,1410089.00
maichewneqsege,Maichew,Neqsege,3,culvert,4.433,,541877.00,1410194.00
maichewneqsege,Maichew,Neqsege,3,culvert,4.633,,541699.00,1410184.00
maichewneqsege,Maichew,Neqsege,3,culvert,4.933,,541493.00,1410249.00
maichewneqsege,Maichew,Neqsege,3,culvert,5.333,,541313.00,1410021.00
maichewneqsege,Maichew,Neqsege,3,culvert,5.733,,540134.00,1410219.00
maichewneqsege,Maichew,Neqsege,3,culvert,6.833,,539576.00,1410285.00
maichewneqsege,Maichew,Neqsege,3,culvert,7.533,,539453.00,1410351.00
maichewneqsege,Maichew,Neqsege,3,culvert,7.633,,539371.00,1410362.00
maichewneqsege,Maichew,Neqsege,3,culvert,7.733,,539095.00,1410358.00
maichewneqsege,Maichew,Neqsege,3,culvert,7.933,,538835.00,1410356.00
maichewneqsege,Maichew,Neqsege,3,culvert,8.233,,538528.00,1410762.00
maichewneqsege,Maichew,Neqsege,3,culvert,8.733,,538370.00,1410925.00
maichewneqsege,Maichew,Neqsege,3,culvert,9.433,,538063.00,1411018.00
maichewneqsege,Maichew,Neqsege,3,culvert,10.633,,537839.00,1410849.00
maichewneqsege,Maichew,Neqsege,3,culvert,10.933,,537237.00,1410634.00
adigudomdengolat,Adigudom,Dengolat,1,bridge,3.800,,553593.00,1470655.00
adigudomdengolat,Adigudom,Dengolat,1,bridge,5.500,,552274.00,1471510.00
adigudomdengolat,Adigudom,Dengolat,1,bridge,6.900,,550912.00,1471774.00
adigudomdengolat,Adigudom,Dengolat,2,bridge,1.233,,548777.00,1470918.00
adigudomdengolat,Adigudom,Dengolat,2,bridge,3.433,,547329.00,1470260.00
adigudomdengolat,Adigudom,Dengolat,2,bridge,5.233,,545854.00,1470420.00
adigudomdengolat,Adigudom,Dengolat,2,bridge,6.733,,544884.00,1470121.00
adigudomdengolat,Adigudom,Dengolat,1,culvert,0.540,,555400.00,1469039.00
adigudomdengolat,Adigudom,Dengolat,1,culvert,1.000,,554964.00,1468993.00
adigudomdengolat,Adigudom,Dengolat,1,culvert,1.100,,554862.00,1468978.00
adigudomdengolat,Adigudom,Dengolat,1,culvert,1.700,,554271.00,1468917.00
adigudomdengolat,Adigudom,Dengolat,1,culvert,2.100,,554072.00,1469309.00
adigudomdengolat,Adigudom,Dengolat,1,culvert,2.500,,553968.00,1469647.00
adigudomdengolat,Adigudom,Dengolat,1,culvert,2.600,,553871.00,1469720.00
adigudomdengolat,Adigudom,Dengolat,1,culvert,2.800,,553787.00,1469892.00
adigudomdengolat,Adigudom,Dengolat,1,culvert,2.900,,553689.00,1470061.00
adigudomdengolat,Adigudom,Dengolat,1,culvert,3.200,,553717.00,1470216.00
adigudomdengolat,Adigudom,Dengolat,1,culvert,3.900,,553562.00,1470802.00
adigudomdengolat,Adigudom,Dengolat,1,culvert,5.000,,552586.00,1471248.00
adigudomdengolat,Adigudom,Dengolat,1,culvert,6.500,,551311.00,1471777.00
adigudomdengolat,Adigudom,Dengolat,1,culvert,7.100,,550851.00,1471714.00
adigudomdengolat,Adigudom,Dengolat,1,culvert,7.300,,550582.00,1471806.00
adigudomdengolat,Adigudom,Dengolat,1,culvert,7.600,,550356.00,1471909.00
adigudomdengolat,Adigudom,Dengolat,1,culvert,8.200,,550040.00,1471514.00
adigudomdengolat,Adigudom,Dengolat,1,culvert,8.500,,549830.00,1471272.00
adigudomdengolat,Adigudom,Dengolat,2,culvert,0.133,,549564.00,1471185.00
adigudomdengolat,Adigudom,Dengolat,2,culvert,0.533,,549346.00,1471052.00
adigudomdengolat,Adigudom,Dengolat,2,culvert,0.733,,549151.00,1470962.00
adigudomdengolat,Adigudom,Dengolat,2,culvert,0.833,,549058.00,1470926.00
adigudomdengolat,Adigudom,Dengolat,2,culvert,1.433,,548627.00,1470695.00
adigudomdengolat,Adigudom,Dengolat,2,culvert,1.533,,548633.00,1470627.00
adigudomdengolat,Adigudom,Dengolat,2,culvert,1.833,,548785.00,1470418.00
adigudomdengolat,Adigudom,Dengolat,2,culvert,2.133,,548549.00,1470273.00
adigudomdengolat,Adigudom,Dengolat,2,culvert,2.533,,548203.00,1470445.00
adigudomdengolat,Adigudom,Dengolat,2,culvert,3.333,,547426.00,1470229.00
adigudomdengolat,Adigudom,Dengolat,2,culvert,3.633,,547222.00,1470178.00
adigudomdengolat,Adigudom,Dengolat,2,culvert,3.733,,547128.00,1470063.00
adigudomdengolat,Adigudom,Dengolat,2,culvert,4.233,,546732.00,1470090.00
adigudomdengolat,Adigudom,Dengolat,2,culvert,5.133,,545981.00,1470392.00
adigudomdengolat,Adigudom,Dengolat,2,culvert,5.633,,545665.00,1470171.00
adigudomdengolat,Adigudom,Dengolat,2,culvert,5.933,,545505.00,1470080.00
adigudomdengolat,Adigudom,Dengolat,2,culvert,6.233,,545084.00,1470021.00
adigudomdengolat,Adigudom,Dengolat,2,culvert,7.033,,544725.00,1469948.00
adigudomdengolat,Adigudom,Dengolat,2,culvert,7.833,,544274.00,1470229.00
adigudomdengolat,Adigudom,Dengolat,2,culvert,7.933,,544105.00,1470144.00
adigudomdengolat,Adigudom,Dengolat,2,culvert,8.133,,544006.00,1470108.00
adigudomdengolat,Adigudom,Dengolat,2,culvert,8.233,,543914.00,1470049.00
adigudomdengolat,Adigudom,Dengolat,2,culvert,8.433,,543638.00,1470075.00
adigudomdengolat,Adigudom,Dengolat,2,culvert,8.633,,543503.00,1470084.00
adigudomdengolat,Adigudom,Dengolat,3,culvert,0.067,,543435.00,1470102.00
adigudomdengolat,Adigudom,Dengolat,3,culvert,0.167,,543295.00,1470076.00
adigudomdengolat,Adigudom,Dengolat,3,culvert,0.267,,543231.00,1470021.00
adigudomdengolat,Adigudom,Dengolat,3,culvert,0.467,,543147.00,1469935.00
adigudomdengolat,Adigudom,Dengolat,3,culvert,0.967,,542779.00,1470066.00
adigudomdengolat,Adigudom,Dengolat,3,culvert,1.267,,542580.00,1470163.00
adigudomdengolat,Adigudom,Dengolat,3,culvert,1.867,,542186.00,1470435.00
adigudomdengolat,Adigudom,Dengolat,3,culvert,2.367,,541640.00,1470571.00
adigudomdengolat,Adigudom,Dengolat,3,culvert,2.867,,541188.00,1470643.00
adigudomdengolat,Adigudom,Dengolat,3,culvert,3.667,,540524.00,1470926.00
adigudomdengolat,Adigudom,Dengolat,3,culvert,4.067,,540152.00,1470922.00
adigudomdengolat,Adigudom,Dengolat,3,culvert,4.967,,539401.00,1470743.00
adigudomdengolat,Adigudom,Dengolat,3,culvert,5.267,,539054.00,1470882.00
adigudomdengolat,Adigudom,Dengolat,3,culvert,5.767,,538661.00,1470863.00
adigudomdengolat,Adigudom,Dengolat,3,culvert,6.167,,538548.00,1470551.00
adigudomdengolat,Adigudom,Dengolat,3,culvert,6.467,,538343.00,1470643.00
adigudomdengolat,Adigudom,Dengolat,3,culvert,6.567,,538312.00,1470710.00
adigudomdengolat,Adigudom,Dengolat,3,culvert,6.667,,538204.00,1470821.00
adigudomdengolat,Adigudom,Dengolat,3,culvert,7.367,,537676.00,1470968.00
adigudomdengolat,Adigudom,Dengolat,1,other,1.900,Quarry site,554148.00,1469088.00
adigudomdengolat,Adigudom,Dengolat,1,other,4.300,,553198.00,1470989.00
adigudomdengolat,Adigudom,Dengolat,2,other,0.033,,549677.00,1471249.00
adigudomdengolat,Adigudom,Dengolat,2,other,1.333,,548683.00,1470785.00
adigudomdengolat,Adigudom,Dengolat,2,other,1.933,,548670.00,1470354.00
adigudomdengolat,Adigudom,Dengolat,2,other,4.633,,546333.00,1470151.00
adigudomdengolat,Adigudom,Dengolat,3,other,1.467,,542372.00,1470291.00
adigudomdengolat,Adigudom,Dengolat,3,other,2.767,,541270.00,1470669.00
adigudomdengolat,Adigudom,Dengolat,3,other,3.767,,540296.00,1470967.00
adigudomdengolat,Adigudom,Dengolat,3,other,5.367,,538948.00,1470908.00
adigudomdengolat,Adigudom,Dengolat,3,other,6.967,Quarry site,538131.00,1470910.00
adigudomdengolat,Adigudom,Dengolat,3,other,7.367,Quarry site,537622.00,1471196.00
hdmodebub,Hdmo,Debub,1,bridge,5.800,,559718.00,1458514.00
hdmodebub,Hdmo,Debub,1,culvert,0.029,,555827.00,1461352.00
hdmodebub,Hdmo,Debub,1,culvert,0.140,,556062.00,1461258.00
hdmodebub,Hdmo,Debub,1,culvert,0.670,,556447.00,1461243.00
hdmodebub,Hdmo,Debub,1,culvert,0.830,,556605.00,1461203.00
hdmodebub,Hdmo,Debub,1,culvert,1.200,,556959.00,1461118.00
hdmodebub,Hdmo,Debub,1,culvert,2.000,,557632.00,1460778.00
hdmodebub,Hdmo,Debub,1,culvert,2.400,,557962.00,1460649.00
hdmodebub,Hdmo,Debub,1,culvert,2.900,,557899.00,1460329.00
hdmodebub,Hdmo,Debub,1,culvert,3.200,,557932.00,1460044.00
hdmodebub,Hdmo,Debub,1,culvert,3.400,,558242.00,1459924.00
hdmodebub,Hdmo,Debub,1,culvert,4.400,,558956.00,1459654.00
hdmodebub,Hdmo,Debub,1,culvert,5.300,,559507.00,1458889.00
hdmodebub,Hdmo,Debub,1,culvert,5.400,,559554.00,1458747.00
hdmodebub,Hdmo,Debub,1,culvert,6.000,,559910.00,1458270.00
hdmodebub,Hdmo,Debub,1,culvert,6.700,,560323.00,1457737.00
hdmodebub,Hdmo,Debub,1,culvert,7.300,,560694.00,1457395.00
hdmodebub,Hdmo,Debub,1,culvert,7.500,,560847.00,1457270.00
hdmodebub,Hdmo,Debub,1,culvert,7.700,,560922.00,1457159.00
hdmodebub,Hdmo,Debub,1,culvert,7.900,,561002.00,1456941.00
hdmodebub,Hdmo,Debub,1,culvert,8.000,,561071.00,1456921.00
hdmodebub,Hdmo,Debub,1,culvert,8.200,,561009.00,1456660.00
hdmodebub,Hdmo,Debub,1,culvert,8.700,,560844.00,1456364.00
hdmodebub,Hdmo,Debub,1,culvert,9.100,,560624.00,1456137.00
hdmodebub,Hdmo,Debub,2,culvert,0.067,,560568.00,1456043.00
hdmodebub,Hdmo,Debub,2,culvert,0.117,,560545.00,1456017.00
hdmodebub,Hdmo,Debub,2,culvert,0.267,,560491.00,1455901.00
hdmodebub,Hdmo,Debub,2,culvert,0.467,,560463.00,1455646.00
hdmodebub,Hdmo,Debub,2,culvert,0.567,,560458.00,1455563.00
hdmodebub,Hdmo,Debub,2,culvert,0.667,,560483.00,1455516.00
hdmodebub,Hdmo,Debub,2,culvert,0.867,,560568.00,1455297.00
hdmodebub,Hdmo,Debub,2,culvert,1.067,,560634.00,1455077.00
hdmodebub,Hdmo,Debub,2,culvert,1.467,,560719.00,1454870.00
hdmodebub,Hdmo,Debub,2,culvert,1.767,,560915.00,1454619.00
hdmodebub,Hdmo,Debub,2,culvert,1.967,,560949.00,1454485.00
hdmodebub,Hdmo,Debub,2,culvert,2.467,,561035.00,1453974.00
hdmodebub,Hdmo,Debub,2,culvert,2.867,,561245.00,1453615.00
hdmodebub,Hdmo,Debub,2,culvert,2.967,,561140.00,1453463.00
hdmodebub,Hdmo,Debub,2,culvert,3.167,,561134.00,1453353.00
hdmodebub,Hdmo,Debub,2,culvert,3.367,,561210.00,1453203.00
hdmodebub,Hdmo,Debub,2,culvert,3.567,,561190.00,1453077.00
hdmodebub,Hdmo,Debub,1,other,8.100,,560935.00,1456543.00
hdmodebub,Hdmo,Debub,1,other,8.900,,560737.00,1456193.00
hdmodebub,Hdmo,Debub,2,other,0.367,,560447.00,1455767.00
hdmodebub,Hdmo,Debub,2,other,3.407,,561215.00,1453192.00
alajebora,Alaje,Bora,1,bridge,15.000,,542223.86,1426765.34
alajebora,Alaje,Bora,1,bridge,18.000,,540275.49,1426495.54
alajebora,Alaje,Bora,3,bridge,6.833,,536152.00,1426203.00
alajebora,Alaje,Bora,1,bridge,22.300,,536569.86,1426230.47
alajebora,Alaje,Bora,1,culvert,0.420,,552510.00,1428322.00
alajebora,Alaje,Bora,1,culvert,1.300,,551699.00,1428120.00
alajebora,Alaje,Bora,1,culvert,2.000,,551105.00,1428110.00
alajebora,Alaje,Bora,1,culvert,2.200,,550951.00,1428120.00
alajebora,Alaje,Bora,1,culvert,2.600,,550536.00,1428103.00
alajebora,Alaje,Bora,1,culvert,2.900,,550341.00,1428004.00
alajebora,Alaje,Bora,1,culvert,3.600,,549582.00,1428151.00
alajebora,Alaje,Bora,1,culvert,3.900,,549375.00,1428241.00
alajebora,Alaje,Bora,1,culvert,4.600,,548712.00,1428412.00
alajebora,Alaje,Bora,1,culvert,4.900,,548518.00,1428539.00
alajebora,Alaje,Bora,1,culvert,5.000,,548372.00,1428635.00
alajebora,Alaje,Bora,1,culvert,5.300,,548176.00,1428774.00
alajebora,Alaje,Bora,1,culvert,5.400,,548061.00,1428786.00
alajebora,Alaje,Bora,1,culvert,5.800,,547804.00,1428621.00
alajebora,Alaje,Bora,1,culvert,6.100,,547529.00,1428618.00
alajebora,Alaje,Bora,1,culvert,7.700,,546789.00,1427946.00
alajebora,Alaje,Bora,2,culvert,0.067,,546751.00,1427910.00
alajebora,Alaje,Bora,2,culvert,0.367,,546486.00,1427713.00
alajebora,Alaje,Bora,2,culvert,0.467,,546361.00,1427724.00
alajebora,Alaje,Bora,2,culvert,1.467,,545708.00,1427895.00
alajebora,Alaje,Bora,2,culvert,1.767,,545573.00,1428067.00
alajebora,Alaje,Bora,2,culvert,2.267,,545058.00,1428031.00
alajebora,Alaje,Bora,2,culvert,4.067,,544133.00,1427299.00
alajebora,Alaje,Bora,1,culvert,12.200,,544046.74,1427376.48
alajebora,Alaje,Bora,2,culvert,4.467,,543922.00,1427189.00
alajebora,Alaje,Bora,2,culvert,5.667,,543303.00,1427132.00
alajebora,Alaje,Bora,2,culvert,6.967,,542177.00,1426750.00
alajebora,Alaje,Bora,2,culvert,7.017,,542136.00,1426700.00
alajebora,Alaje,Bora,2,culvert,7.167,,542163.00,1426616.00
alajebora,Alaje,Bora,2,culvert,7.567,,541974.00,1426304.00
alajebora,Alaje,Bora,3,culvert,0.233,,541791.00,1426396.00
alajebora,Alaje,Bora,3,culvert,0.333,,541705.00,1426447.00
alajebora,Alaje,Bora,3,culvert,0.433,,541579.00,1426394.00
alajebora,Alaje,Bora,3,culvert,0.833,,541312.00,1426264.00
alajebora,Alaje,Bora,3,culvert,1.033,,541099.00,1426205.00
alajebora,Alaje,Bora,3,culvert,1.433,,540763.00,1426336.00
alajebora,Alaje,Bora,3,culvert,2.733,,539651.00,1426438.00
alajebora,Alaje,Bora,3,culvert,2.933,,539458.00,1426420.00
alajebora,Alaje,Bora,3,culvert,3.533,,538894.00,1426380.00
alajebora,Alaje,Bora,3,culvert,3.933,,538585.00,1426169.00
alajebora,Alaje,Bora,3,culvert,4.333,,538260.00,1426015.00
alajebora,Alaje,Bora,3,culvert,4.633,,538046.00,1426020.00
alajebora,Alaje,Bora,3,culvert,4.733,,538012.00,1426093.00
alajebora,Alaje,Bora,3,culvert,5.433,,537377.00,1426269.00
alajebora,Alaje,Bora,3,culvert,5.633,,537212.00,1426177.00
alajebora,Alaje,Bora,3,culvert,6.133,,536902.00,1426171.00
alajebora,Alaje,Bora,1,culvert,21.600,,537225.15,1426190.29
alajebora,Alaje,Bora,3,culvert,6.433,,536464.00,1426245.00
alajebora,Alaje,Bora,3,culvert,6.633,,536307.00,1426300.00
alajebora,Alaje,Bora,3,culvert,7.333,,536362.00,1425853.00
alajebora,Alaje,Bora,3,culvert,7.533,,536560.00,1425801.00
alajebora,Alaje,Bora,3,culvert,7.633,,536695.00,1425755.00
alajebora,Alaje,Bora,3,culvert,7.833,,536866.00,1425675.00
alajebora,Alaje,Bora,1,other,0.900,,552102.00,1428185.00
alajebora,Alaje,Bora,1,other,3.300,,549893.00,1428034.00
alajebora,Alaje,Bora,1,other,7.200,,547086.00,1428316.00
alajebora,Alaje,Bora,2,other,3.167,,544445.00,1427553.00
alajebora,Alaje,Bora,2,other,4.167,,544048.00,1427368.00
alajebora,Alaje,Bora,2,other,4.667,,543691.00,1427199.00
alajebora,Alaje,Bora,2,other,5.167,Quarry site,525174.00,1476353.00
alajebora,Alaje,Bora,2,other,5.367,,543518.00,1427081.00
alajebora,Alaje,Bora,2,other,5.867,,543117.00,1427136.00
alajebora,Alaje,Bora,2,other,6.367,,542747.00,1426804.00
alajebora,Alaje,Bora,2,other,6.867,,542322.00,1426794.00
alajebora,Alaje,Bora,3,other,0.633,,541476.00,1426348.00
alajebora,Alaje,Bora,3,other,1.633,,540300.00,1426492.00
alajebora,Alaje,Bora,3,other,2.433,,539943.00,1426490.00
alajebora,Alaje,Bora,3,other,3.133,,539336.00,1426475.00
alajebora,Alaje,Bora,3,other,3.733,,538725.00,1426332.00
alajebora,Alaje,Bora,3,other,5.033,,537742.00,1426163.00
alajebora,Alaje,Bora,3,other,5.333,,537503.00,1426320.00
alajebora,Alaje,Bora,3,other,5.533,Quarry site,537258.00,1426212.00
dengolatgjet,Dengolat,Gjet,1,culvert,0.093,,534789.00,1470599.00
dengolatgjet,Dengolat,Gjet,1,culvert,0.500,,534522.00,1470863.00
dengolatgjet,Dengolat,Gjet,1,culvert,0.890,,534212.00,1471164.00
dengolatgjet,Dengolat,Gjet,1,culvert,1.200,,534049.00,1471466.00
dengolatgjet,Dengolat,Gjet,1,culvert,2.100,,533560.00,1472041.00
dengolatgjet,Dengolat,Gjet,1,culvert,2.200,,533435.00,1472054.00
dengolatgjet,Dengolat,Gjet,1,culvert,2.500,,533133.00,1472113.00
dengolatgjet,Dengolat,Gjet,1,culvert,2.600,,532685.00,1472266.00
dengolatgjet,Dengolat,Gjet,1,culvert,3.000,,532408.00,1472391.00
dengolatgjet,Dengolat,Gjet,1,culvert,3.400,,532036.00,1472554.00
dengolatgjet,Dengolat,Gjet,1,culvert,3.700,,531701.00,1472724.00
dengolatgjet,Dengolat,Gjet,1,culvert,4.100,,531437.00,1472855.00
dengolatgjet,Dengolat,Gjet,1,culvert,4.400,,531323.00,1472909.00
dengolatgjet,Dengolat,Gjet,1,culvert,4.500,,531068.00,1473020.00
dengolatgjet,Dengolat,Gjet,1,culvert,4.800,,530672.00,1473178.00
dengolatgjet,Dengolat,Gjet,1,culvert,5.200,,530606.00,1473290.00
dengolatgjet,Dengolat,Gjet,1,culvert,5.400,,530472.00,1473632.00
dengolatgjet,Dengolat,Gjet,1,culvert,5.700,,530331.00,1473792.00
dengolatgjet,Dengolat,Gjet,1,culvert,5.900,,530219.00,1474109.00
dengolatgjet,Dengolat,Gjet,1,culvert,6.300,,530074.00,1474435.00
dengolatgjet,Dengolat,Gjet,1,culvert,6.700,,530030.00,1474494.00
dengolatgjet,Dengolat,Gjet,1,culvert,6.800,,529965.00,1474672.00
dengolatgjet,Dengolat,Gjet,1,culvert,6.900,,529873.00,1474871.00
dengolatgjet,Dengolat,Gjet,1,culvert,7.200,,529712.00,1474944.00
dengolatgjet,Dengolat,Gjet,1,culvert,7.400,,529571.00,1475055.00
dengolatgjet,Dengolat,Gjet,1,culvert,7.500,,529270.00,1475398.00
dengolatgjet,Dengolat,Gjet,1,culvert,8.000,,528897.00,1475889.00
dengolatgjet,Dengolat,Gjet,2,culvert,0.233,,528787.00,1476176.00
dengolatgjet,Dengolat,Gjet,2,culvert,0.633,,528610.00,1476417.00
dengolatgjet,Dengolat,Gjet,2,culvert,0.833,,528254.00,1476701.00
dengolatgjet,Dengolat,Gjet,2,culvert,1.433,,528032.00,1476865.00
dengolatgjet,Dengolat,Gjet,2,culvert,1.633,,527306.00,1476140.00
dengolatgjet,Dengolat,Gjet,2,culvert,2.933,,526853.00,1476109.00
dengolatgjet,Dengolat,Gjet,2,culvert,3.433,,526683.00,1476071.00
dengolatgjet,Dengolat,Gjet,2,culvert,3.633,,526553.00,1476040.00
dengolatgjet,Dengolat,Gjet,2,culvert,3.833,,526383.00,1476021.00
dengolatgjet,Dengolat,Gjet,2,culvert,3.933,,526099.00,1476152.00
dengolatgjet,Dengolat,Gjet,2,culvert,4.333,,525014.00,1476392.00
dengolatgjet,Dengolat,Gjet,2,culvert,5.533,,524659.00,1476310.00
dengolatgjet,Dengolat,Gjet,2,culvert,5.933,,523934.00,1476408.00
dengolatgjet,Dengolat,Gjet,2,culvert,6.833,,523635.00,1476436.00
dengolatgjet,Dengolat,Gjet,2,culvert,7.133,,523338.00,1476564.00
dengolatgjet,Dengolat,Gjet,2,culvert,7.533,,523330.00,1476734.00
dengolatgjet,Dengolat,Gjet,2,culvert,7.833,,523028.00,1476933.00
dengolatgjet,Dengolat,Gjet,2,culvert,8.133,,522887.00,1476956.00
dengolatgjet,Dengolat,Gjet,2,culvert,8.333,,522805.00,1476925.00
dengolatgjet,Dengolat,Gjet,3,culvert,0.067,,522658.00,1476845.00
dengolatgjet,Dengolat,Gjet,3,culvert,0.167,,522466.00,1476880.00
dengolatgjet,Dengolat,Gjet,3,culvert,0.467,,522202.00,1476839.00
dengolatgjet,Dengolat,Gjet,3,culvert,0.667,,520250.00,1476587.00
dengolatgjet,Dengolat,Gjet,3,culvert,2.867,,519729.00,1476522.00
dengolatgjet,Dengolat,Gjet,3,culvert,3.467,,519412.00,1476783.00
dengolatgjet,Dengolat,Gjet,3,culvert,3.867,,519234.00,1476793.00
dengolatgjet,Dengolat,Gjet,3,culvert,4.067,,518827.00,1476633.00
dengolatgjet,Dengolat,Gjet,3,culvert,4.667,,518793.00,1476454.00
dengolatgjet,Dengolat,Gjet,3,culvert,4.867,,518849.00,1476313.00
dengolatgjet,Dengolat,Gjet,3,culvert,4.967,,518965.00,1476009.00
dengolatgjet,Dengolat,Gjet,3,culvert,5.267,,518994.00,1475900.00
dengolatgjet,Dengolat,Gjet,3,culvert,5.467,,518942.00,1475666.00
dengolatgjet,Dengolat,Gjet,3,culvert,5.767,,518875.00,1475404.00
dengolatgjet,Dengolat,Gjet,3,culvert,5.967,,518740.00,1474915.00
dengolatgjet,Dengolat,Gjet,3,culvert,6.467,,518635.00,1474820.00
dengolatgjet,Dengolat,Gjet,3,culvert,6.667,,518353.00,1474551.00
dengolatgjet,Dengolat,Gjet,3,culvert,7.067,,518414.00,1474345.00
dengolatgjet,Dengolat,Gjet,3,culvert,7.267,,518516.00,1474221.00
dengolatgjet,Dengolat,Gjet,3,culvert,7.867,,518717.00,1473912.00
dengolatgjet,Dengolat,Gjet,3,culvert,8.167,,518644.00,1473591.00
dengolatgjet,Dengolat,Gjet,2,other,4.533,,525906.00,1476236.00
dengolatgjet,Dengolat,Gjet,2,other,6.533,,524135.00,1476314.00
dengolatgjet,Dengolat,Gjet,3,other,1.267,Quarry site,522053.00,1476796.00
dengolatgjet,Dengolat,Gjet,3,other,1.667,,521444.00,1476823.00
brkihykmeshal,Brki,Hykmeshal,1,bridge,1.700,,570022.00,1516363.00
brkihykmeshal,Brki,Hykmeshal,1,bridge,2.200,,570647.00,1516623.00
brkihykmeshal,Brki,Hykmeshal,1,bridge,3.700,,571492.00,1517181.00
brkihykmeshal,Brki,Hykmeshal,2,bridge,2.467,,573748.00,1518798.00
brkihykmeshal,Brki,Hykmeshal,2,bridge,3.267,,574105.00,1519380.00
brkihykmeshal,Brki,Hykmeshal,2,bridge,3.967,,574663.00,1519630.00
brkihykmeshal,Brki,Hykmeshal,3,bridge,0.233,,574961.00,1520037.00
brkihykmeshal,Brki,Hykmeshal,3,bridge,0.433,,575174.00,1520252.00
brkihykmeshal,Brki,Hykmeshal,1,bridge,10.000,Pipe Culvert,,
brkihykmeshal,Brki,Hykmeshal,1,culvert,0.100,,569749.00,1515160.00
brkihykmeshal,Brki,Hykmeshal,1,culvert,1.100,,569719.00,1516087.00
brkihykmeshal,Brki,Hykmeshal,1,culvert,2.000,,570489.00,1516490.00
brkihykmeshal,Brki,Hykmeshal,1,culvert,2.500,,570846.00,1516534.00
brkihykmeshal,Brki,Hykmeshal,1,culvert,3.200,,571442.00,1516694.00
brkihykmeshal,Brki,Hykmeshal,2,culvert,0.167,,572133.00,1517494.00
brkihykmeshal,Brki,Hykmeshal,2,culvert,0.867,,572798.00,1517815.00
brkihykmeshal,Brki,Hykmeshal,2,culvert,1.067,,572996.00,1517913.00
brkihykmeshal,Brki,Hykmeshal,2,culvert,1.567,,573394.00,1517989.00
brkihykmeshal,Brki,Hykmeshal,2,culvert,2.367,,573673.00,1518647.00
brkihykmeshal,Brki,Hykmeshal,1,culvert,7.400,,573886.31,1519166.00
brkihykmeshal,Brki,Hykmeshal,2,culvert,3.067,,573879.00,1519355.00
brkihykmeshal,Brki,Hykmeshal,1,culvert,8.100,,574333.95,1519464.59
brkihykmeshal,Brki,Hykmeshal,2,culvert,3.767,,574457.00,1519469.00
brkihykmeshal,Brki,Hykmeshal,2,culvert,3.867,,574568.00,1519534.00
brkihykmeshal,Brki,Hykmeshal,3,culvert,2.533,,576525.00,1521307.00
brkihykmeshal,Brki,Hykmeshal,3,other,0.833,Quarry site,576582.00,1521039.00
wukrotsgereda,Wukro,Tsgereda,1,bridge,0.900,,561736.00,1521574.00
wukrotsgereda,Wukro,Tsgereda,1,bridge,7.500,,555932.00,1523598.00
wukrotsgereda,Wukro,Tsgereda,1,bridge,8.500,,555452.00,1524388.00
wukrotsgereda,Wukro,Tsgereda,2,bridge,5.633,,549670.00,1525476.00
wukrotsgereda,Wukro,Tsgereda,3,bridge,7.167,,539893.00,1523835.00
wukrotsgereda,Wukro,Tsgereda,3,bridge,8.767,,538635.00,1523027.00
wukrotsgereda,Wukro,Tsgereda,1,culvert,0.500,,562072.00,1521581.00
wukrotsgereda,Wukro,Tsgereda,1,culvert,0.600,,562028.00,1521579.00
wukrotsgereda,Wukro,Tsgereda,1,culvert,2.200,,560513.00,1522044.00
wukrotsgereda,Wukro,Tsgereda,1,culvert,4.100,,558945.00,1523169.00
wukrotsgereda,Wukro,Tsgereda,1,culvert,4.800,,558401.00,1523521.00
wukrotsgereda,Wukro,Tsgereda,1,culvert,6.200,,557016.00,1523846.00
wukrotsgereda,Wukro,Tsgereda,1,culvert,6.900,,556466.00,1523910.00
wukrotsgereda,Wukro,Tsgereda,1,culvert,7.300,,556195.00,1523692.00
wukrotsgereda,Wukro,Tsgereda,1,culvert,7.700,,555876.00,1523729.00
wukrotsgereda,Wukro,Tsgereda,1,culvert,7.800,,555842.00,1523804.00
wukrotsgereda,Wukro,Tsgereda,1,culvert,7.900,,555766.00,1524011.00
wukrotsgereda,Wukro,Tsgereda,1,culvert,8.100,,555729.00,1524147.00
wukrotsgereda,Wukro,Tsgereda,1,culvert,8.300,,555686.00,1524301.00
wukrotsgereda,Wukro,Tsgereda,1,culvert,8.900,,555290.00,1524304.00
wukrotsgereda,Wukro,Tsgereda,1,culvert,9.000,,555278.00,1524262.00
wukrotsgereda,Wukro,Tsgereda,1,culvert,9.100,,555268.00,1524160.00
wukrotsgereda,Wukro,Tsgereda,1,culvert,9.200,,555244.00,1524068.00
wukrotsgereda,Wukro,Tsgereda,1,culvert,9.500,,555133.00,1523852.00
wukrotsgereda,Wukro,Tsgereda,1,culvert,9.900,,554995.00,1523949.00
wukrotsgereda,Wukro,Tsgereda,2,culvert,0.033,,554884.00,1523988.00
wukrotsgereda,Wukro,Tsgereda,2,culvert,0.133,,554753.00,1524105.00
wukrotsgereda,Wukro,Tsgereda,2,culvert,0.233,,554711.00,1524075.00
wukrotsgereda,Wukro,Tsgereda,2,culvert,0.533,,554397.00,1524112.00
wukrotsgereda,Wukro,Tsgereda,2,culvert,0.733,,554298.00,1524093.00
wukrotsgereda,Wukro,Tsgereda,2,culvert,1.533,,553551.00,1524281.00
wukrotsgereda,Wukro,Tsgereda,2,culvert,2.333,,552690.00,1524405.00
wukrotsgereda,Wukro,Tsgereda,2,culvert,3.333,,551742.00,1524640.00
wukrotsgereda,Wukro,Tsgereda,2,culvert,3.833,,551312.00,1524745.00
wukrotsgereda,Wukro,Tsgereda,2,culvert,4.233,,550905.00,1524851.00
wukrotsgereda,Wukro,Tsgereda,2,culvert,4.433,,550697.00,1524903.00
wukrotsgereda,Wukro,Tsgereda,2,culvert,4.833,,550235.00,1525056.00
wukrotsgereda,Wukro,Tsgereda,2,culvert,5.333,,549707.00,1525441.00
wukrotsgereda,Wukro,Tsgereda,2,culvert,6.033,,549316.00,1525726.00
wukrotsgereda,Wukro,Tsgereda,2,culvert,6.533,,548907.00,1525774.00
wukrotsgereda,Wukro,Tsgereda,2,culvert,7.533,,547936.00,1525862.00
wukrotsgereda,Wukro,Tsgereda,2,culvert,8.133,,547243.00,1525934.00
wukrotsgereda,Wukro,Tsgereda,2,culvert,8.233,,547161.00,1525933.00
wukrotsgereda,Wukro,Tsgereda,3,culvert,1.067,,544526.00,1525598.00
wukrotsgereda,Wukro,Tsgereda,3,culvert,1.567,,544067.00,1525409.00
wukrotsgereda,Wukro,Tsgereda,3,culvert,1.667,,543928.00,1525395.00
wukrotsgereda,Wukro,Tsgereda,3,culvert,1.967,,543758.00,1525378.00
wukrotsgereda,Wukro,Tsgereda,3,culvert,2.167,,543540.00,1525358.00
wukrotsgereda,Wukro,Tsgereda,3,culvert,2.467,,543136.00,1525333.00
wukrotsgereda,Wukro,Tsgereda,3,culvert,3.467,,542729.00,1525347.00
wukrotsgereda,Wukro,Tsgereda,3,culvert,4.067,,541761.00,1525192.00
wukrotsgereda,Wukro,Tsgereda,3,culvert,4.267,,541552.00,1524960.00
wukrotsgereda,Wukro,Tsgereda,3,culvert,4.567,,541401.00,1524688.00
wukrotsgereda,Wukro,Tsgereda,3,culvert,4.867,,541232.00,1524410.00
wukrotsgereda,Wukro,Tsgereda,3,culvert,5.367,,540976.00,1524117.00
wukrotsgereda,Wukro,Tsgereda,3,culvert,5.567,,540722.00,1524084.00
wukrotsgereda,Wukro,Tsgereda,3,culvert,5.967,,540467.00,1523949.00
wukrotsgereda,Wukro,Tsgereda,3,culvert,6.167,,540290.00,1524076.00
wukrotsgereda,Wukro,Tsgereda,3,culvert,7.067,,539904.00,1523856.00
wukrotsgereda,Wukro,Tsgereda,3,culvert,7.367,,539760.00,1523859.00
wukrotsgereda,Wukro,Tsgereda,3,culvert,7.467,,539628.00,1523824.00
wukrotsgereda,Wukro,Tsgereda,3,culvert,7.867,,539325.00,1523677.00
wukrotsgereda,Wukro,Tsgereda,3,culvert,8.267,,538985.00,1523487.00
wukrotsgereda,Wukro,Tsgereda,3,culvert,8.467,,538832.00,1523318.00
wukrotsgereda,Wukro,Tsgereda,3,culvert,8.767,,556746.00,1523964.00
wukrotsgereda,Wukro,Tsgereda,3,culvert,9.267,,538334.00,1522667.00
wukrotsgereda,Wukro,Tsgereda,1,other,5.100,,558170.00,1523603.00
wukrotsgereda,Wukro,Tsgereda,2,other,0.933,,554056.00,1524274.00
wukrotsgereda,Wukro,Tsgereda,2,other,6.633,,548816.00,1525803.00
wukrotsgereda,Wukro,Tsgereda,2,other,9.933,,545594.00,1526078.00
wukrotsgereda,Wukro,Tsgereda,3,other,4.367,,541500.00,1524864.00
hykmeshalatsbi,Hykmeshal,Atsbi,2,bridge,5.533,,578399.00,1528799.00
hykmeshalatsbi,Hykmeshal,Atsbi,1,culvert,0.150,,576417.00,1521400.00
hykmeshalatsbi,Hykmeshal,Atsbi,1,culvert,0.300,,576329.00,1521453.00
hykmeshalatsbi,Hykmeshal,Atsbi,1,culvert,0.800,,575890.00,1521700.00
hykmeshalatsbi,Hykmeshal,Atsbi,1,culvert,1.000,,575804.00,1521816.00
hykmeshalatsbi,Hykmeshal,Atsbi,1,culvert,1.800,,575604.00,1522325.00
hykmeshalatsbi,Hykmeshal,Atsbi,1,culvert,2.200,,575635.00,1522652.00
hykmeshalatsbi,Hykmeshal,Atsbi,1,culvert,2.300,,575700.00,1522794.00
hykmeshalatsbi,Hykmeshal,Atsbi,1,culvert,2.900,,575968.00,1523223.00
hykmeshalatsbi,Hykmeshal,Atsbi,1,culvert,3.000,,576072.00,1523266.00
hykmeshalatsbi,Hykmeshal,Atsbi,1,culvert,3.400,,576282.00,1523483.00
hykmeshalatsbi,Hykmeshal,Atsbi,1,culvert,4.100,,576235.00,1524102.00
hykmeshalatsbi,Hykmeshal,Atsbi,1,culvert,4.200,,576351.00,1524270.00
hykmeshalatsbi,Hykmeshal,Atsbi,1,culvert,4.500,,576373.00,1524470.00
hykmeshalatsbi,Hykmeshal,Atsbi,1,culvert,4.600,,576371.00,1524459.00
hykmeshalatsbi,Hykmeshal,Atsbi,1,culvert,4.800,,576425.00,1524580.00
hykmeshalatsbi,Hykmeshal,Atsbi,1,culvert,5.500,,577086.00,1524666.00
hykmeshalatsbi,Hykmeshal,Atsbi,2,culvert,0.133,,577219.00,1524773.00
hykmeshalatsbi,Hykmeshal,Atsbi,2,culvert,0.733,,577721.00,1524723.00
hykmeshalatsbi,Hykmeshal,Atsbi,2,culvert,0.833,,577795.00,1524760.00
hykmeshalatsbi,Hykmeshal,Atsbi,2,culvert,1.033,,577918.00,1524966.00
hykmeshalatsbi,Hykmeshal,Atsbi,2,culvert,1.233,,577944.00,1525068.00
hykmeshalatsbi,Hykmeshal,Atsbi,2,culvert,1.633,,577977.00,1525367.00
hykmeshalatsbi,Hykmeshal,Atsbi,2,culvert,2.033,,577850.00,1525787.00
hykmeshalatsbi,Hykmeshal,Atsbi,2,culvert,2.433,,577838.00,1526164.00
hykmeshalatsbi,Hykmeshal,Atsbi,2,culvert,3.033,,577845.00,1526567.00
hykmeshalatsbi,Hykmeshal,Atsbi,2,culvert,3.933,,577760.00,1527490.00
hykmeshalatsbi,Hykmeshal,Atsbi,2,culvert,4.233,,577822.00,1527710.00
hykmeshalatsbi,Hykmeshal,Atsbi,2,culvert,4.733,,577929.00,1528221.00
hykmeshalatsbi,Hykmeshal,Atsbi,2,culvert,5.033,,578036.00,1528450.00
hykmeshalatsbi,Hykmeshal,Atsbi,3,culvert,0.067,,578425.00,1528874.00
hykmeshalatsbi,Hykmeshal,Atsbi,3,culvert,0.367,,578424.00,1529174.00
hykmeshalatsbi,Hykmeshal,Atsbi,3,culvert,0.667,,578465.00,1529449.00
hykmeshalatsbi,Hykmeshal,Atsbi,3,culvert,0.767,,578552.00,1529619.00
hykmeshalatsbi,Hykmeshal,Atsbi,3,culvert,1.367,,578588.00,1530300.00
hykmeshalatsbi,Hykmeshal,Atsbi,3,culvert,1.967,,578733.00,1530709.00
hykmeshalatsbi,Hykmeshal,Atsbi,3,culvert,2.567,,578758.00,1531299.00
hykmeshalatsbi,Hykmeshal,Atsbi,3,culvert,2.867,,578818.00,1531560.00
hykmeshalatsbi,Hykmeshal,Atsbi,3,culvert,3.267,,578997.00,1531892.00
hykmeshalatsbi,Hykmeshal,Atsbi,3,culvert,3.467,,579098.00,1532115.00
hykmeshalatsbi,Hykmeshal,Atsbi,3,culvert,3.867,,579175.00,1532488.00
hykmeshalatsbi,Hykmeshal,Atsbi,1,other,4.810,,576533.00,1524711.00
hykmeshalatsbi,Hykmeshal,Atsbi,2,other,0.533,,577528.00,1524633.00
hykmeshalatsbi,Hykmeshal,Atsbi,2,other,3.233,,577736.00,1526769.00
edagahamussewne,Edagahamus,Sewne,3,bridge,6.020,,575393.00,1577812.00
edagahamussewne,Edagahamus,Sewne,1,culvert,0.200,,561613.00,1568315.00
edagahamussewne,Edagahamus,Sewne,1,culvert,1.400,,562760.00,1568617.00
edagahamussewne,Edagahamus,Sewne,1,culvert,1.600,,562907.00,1568717.00
edagahamussewne,Edagahamus,Sewne,1,culvert,2.000,,563322.00,1568912.00
edagahamussewne,Edagahamus,Sewne,1,culvert,2.500,,563603.00,1569239.00
edagahamussewne,Edagahamus,Sewne,1,culvert,3.000,,563865.00,1569714.00
edagahamussewne,Edagahamus,Sewne,1,culvert,3.500,,564064.00,1570203.00
edagahamussewne,Edagahamus,Sewne,1,culvert,3.700,,564148.00,1570342.00
edagahamussewne,Edagahamus,Sewne,1,culvert,4.100,,564535.00,1570729.00
edagahamussewne,Edagahamus,Sewne,1,culvert,4.600,,564705.00,1571001.00
edagahamussewne,Edagahamus,Sewne,1,culvert,4.800,,564793.00,1571122.00
edagahamussewne,Edagahamus,Sewne,1,culvert,5.500,,565489.00,1571164.00
edagahamussewne,Edagahamus,Sewne,1,culvert,6.000,,565937.00,1571209.00
edagahamussewne,Edagahamus,Sewne,1,culvert,6.050,,566031.00,1571211.00
edagahamussewne,Edagahamus,Sewne,1,culvert,6.900,,566831.00,1570930.00
edagahamussewne,Edagahamus,Sewne,1,culvert,7.300,,567177.00,1570688.00
edagahamussewne,Edagahamus,Sewne,2,culvert,0.110,,568823.00,1570273.00
edagahamussewne,Edagahamus,Sewne,2,culvert,0.310,,569106.00,1570254.00
edagahamussewne,Edagahamus,Sewne,2,culvert,0.610,,569312.00,1570278.00
edagahamussewne,Edagahamus,Sewne,2,culvert,0.710,,569356.00,1570354.00
edagahamussewne,Edagahamus,Sewne,2,culvert,1.510,,569849.00,1571095.00
edagahamussewne,Edagahamus,Sewne,2,culvert,1.710,,569918.00,1571228.00
edagahamussewne,Edagahamus,Sewne,2,culvert,2.110,,570126.00,1571614.00
edagahamussewne,Edagahamus,Sewne,2,culvert,2.510,,570213.00,1571952.00
edagahamussewne,Edagahamus,Sewne,2,culvert,2.910,,570186.00,1572304.00
edagahamussewne,Edagahamus,Sewne,2,culvert,3.010,,570162.00,1572395.00
edagahamussewne,Edagahamus,Sewne,2,culvert,3.310,,570252.00,1572615.00
edagahamussewne,Edagahamus,Sewne,2,culvert,3.610,,570309.00,1572887.00
edagahamussewne,Edagahamus,Sewne,2,culvert,3.910,,570353.00,1573204.00
edagahamussewne,Edagahamus,Sewne,2,culvert,4.510,,570504.00,1573739.00
edagahamussewne,Edagahamus,Sewne,2,culvert,4.910,,570766.00,1574071.00
edagahamussewne,Edagahamus,Sewne,2,culvert,5.610,,571183.00,1574384.00
edagahamussewne,Edagahamus,Sewne,2,culvert,5.710,,571471.00,1574248.00
edagahamussewne,Edagahamus,Sewne,2,culvert,6.110,,571619.00,1574265.00
edagahamussewne,Edagahamus,Sewne,2,culvert,6.210,,571642.00,1574331.00
edagahamussewne,Edagahamus,Sewne,2,culvert,6.410,,571832.00,1574495.00
edagahamussewne,Edagahamus,Sewne,2,culvert,6.510,,571882.00,1574534.00
edagahamussewne,Edagahamus,Sewne,2,culvert,7.010,,572014.00,1574846.00
edagahamussewne,Edagahamus,Sewne,2,culvert,7.210,,572209.00,1574869.00
edagahamussewne,Edagahamus,Sewne,2,culvert,7.310,,572311.00,1574851.00
edagahamussewne,Edagahamus,Sewne,2,culvert,7.410,,572452.00,1574752.00
edagahamussewne,Edagahamus,Sewne,2,culvert,7.710,,572588.00,1574635.00
edagahamussewne,Edagahamus,Sewne,2,culvert,8.010,,572915.00,1574681.00
edagahamussewne,Edagahamus,Sewne,2,culvert,8.310,,573279.00,1574753.00
edagahamussewne,Edagahamus,Sewne,2,culvert,8.610,,573467.00,1574734.00
edagahamussewne,Edagahamus,Sewne,2,culvert,8.710,,573635.00,1574649.00
edagahamussewne,Edagahamus,Sewne,2,culvert,8.810,,573721.00,1574631.00
edagahamussewne,Edagahamus,Sewne,3,culvert,0.220,,573974.00,1574820.00
edagahamussewne,Edagahamus,Sewne,3,culvert,1.820,,574239.00,1575852.00
edagahamussewne,Edagahamus,Sewne,3,culvert,2.120,,574295.00,1576008.00
edagahamussewne,Edagahamus,Sewne,3,culvert,3.020,,574340.00,1576381.00
edagahamussewne,Edagahamus,Sewne,3,culvert,3.120,,574397.00,1576473.00
edagahamussewne,Edagahamus,Sewne,3,culvert,3.220,,574543.00,1576578.00
edagahamussewne,Edagahamus,Sewne,3,culvert,4.020,,574602.00,1576954.00
edagahamussewne,Edagahamus,Sewne,3,culvert,4.120,,574545.00,1577037.00
edagahamussewne,Edagahamus,Sewne,3,culvert,4.220,,574489.00,1577124.00
edagahamussewne,Edagahamus,Sewne,3,culvert,4.520,,574498.00,1577294.00
edagahamussewne,Edagahamus,Sewne,3,culvert,4.620,,574613.00,1577308.00
edagahamussewne,Edagahamus,Sewne,3,culvert,4.920,,574777.00,1577239.00
edagahamussewne,Edagahamus,Sewne,3,culvert,5.020,,574961.00,1577336.00
edagahamussewne,Edagahamus,Sewne,3,culvert,5.620,,575113.00,1577525.00
edagahamussewne,Edagahamus,Sewne,3,culvert,5.720,,575188.00,1577615.00
edagahamussewne,Edagahamus,Sewne,3,culvert,5.920,,575335.00,1577733.00
edagahamussewne,Edagahamus,Sewne,3,culvert,6.120,,575513.00,1577822.00
edagahamussewne,Edagahamus,Sewne,3,culvert,6.320,,575606.00,1578034.00
edagahamussewne,Edagahamus,Sewne,3,culvert,6.620,,575688.00,1578255.00
edagahamussewne,Edagahamus,Sewne,3,culvert,6.820,,575812.00,1578479.00
edagahamussewne,Edagahamus,Sewne,3,culvert,7.320,,575879.00,1578866.00
edagahamussewne,Edagahamus,Sewne,3,culvert,7.420,,575940.00,1578966.00
edagahamussewne,Edagahamus,Sewne,3,culvert,7.520,,576017.00,1579083.00
edagahamussewne,Edagahamus,Sewne,3,culvert,8.020,,576072.00,1579212.00
edagahamussewne,Edagahamus,Sewne,3,culvert,8.320,,576543.00,1579438.00
edagahamussewne,Edagahamus,Sewne,3,culvert,8.420,,576628.00,1579526.00
edagahamussewne,Edagahamus,Sewne,3,culvert,8.620,,576779.00,1579643.00
edagahamussewne,Edagahamus,Sewne,3,culvert,9.320,,577372.00,1579734.00
edagahamussewne,Edagahamus,Sewne,1,other,0.450,,561878.00,1568403.00
edagahamussewne,Edagahamus,Sewne,2,other,5.510,Quarry site,571385.00,1574287.00
edagahamussewne,Edagahamus,Sewne,3,other,8.820,Quarry site,577304.00,1579803.00
mugulatazeba,Mugulat,Azeba,2,bridge,1.100,,541716.00,1569396.00
mugulatazeba,Mugulat,Azeba,3,bridge,3.100,,540213.00,1565347.00
mugulatazeba,Mugulat,Azeba,3,bridge,4.600,,539287.00,1565394.00
mugulatazeba,Mugulat,Azeba,3,bridge,6.900,,537337.00,1565120.00
mugulatazeba,Mugulat,Azeba,1,culvert,0.380,,540934.00,1572905.00
mugulatazeba,Mugulat,Azeba,1,culvert,0.470,,540927.00,1572822.00
mugulatazeba,Mugulat,Azeba,1,culvert,1.300,,540444.00,1572641.00
mugulatazeba,Mugulat,Azeba,1,culvert,1.900,,540112.00,1572181.00
mugulatazeba,Mugulat,Azeba,1,culvert,2.500,,540040.00,1571698.00
mugulatazeba,Mugulat,Azeba,1,culvert,2.600,,539931.00,1571639.00
mugulatazeba,Mugulat,Azeba,1,culvert,3.000,,540043.00,1571253.00
mugulatazeba,Mugulat,Azeba,1,culvert,3.200,,540147.00,1571059.00
mugulatazeba,Mugulat,Azeba,1,culvert,3.500,,539909.00,1570931.00
mugulatazeba,Mugulat,Azeba,1,culvert,3.800,,539680.00,1570852.00
mugulatazeba,Mugulat,Azeba,1,culvert,4.900,,540217.00,1570192.00
mugulatazeba,Mugulat,Azeba,1,culvert,5.300,,540601.00,1570072.00
mugulatazeba,Mugulat,Azeba,1,culvert,5.700,,540839.00,1569943.00
mugulatazeba,Mugulat,Azeba,1,culvert,5.800,,540697.00,1569795.00
mugulatazeba,Mugulat,Azeba,1,culvert,5.900,,540672.00,1569778.00
mugulatazeba,Mugulat,Azeba,1,culvert,6.000,,540755.00,1569722.00
mugulatazeba,Mugulat,Azeba,1,culvert,6.200,,540943.00,1569710.00
mugulatazeba,Mugulat,Azeba,1,culvert,6.400,,541111.00,1569747.00
mugulatazeba,Mugulat,Azeba,1,culvert,6.700,,541165.00,1569732.00
mugulatazeba,Mugulat,Azeba,2,culvert,0.200,,541195.00,1569623.00
mugulatazeba,Mugulat,Azeba,2,culvert,0.400,,541366.00,1569627.00
mugulatazeba,Mugulat,Azeba,2,culvert,1.400,,541840.00,1569221.00
mugulatazeba,Mugulat,Azeba,2,culvert,1.500,,541917.00,1569144.00
mugulatazeba,Mugulat,Azeba,2,culvert,1.800,,541784.00,1568831.00
mugulatazeba,Mugulat,Azeba,2,culvert,2.100,,541911.00,1568664.00
mugulatazeba,Mugulat,Azeba,2,culvert,2.200,,541963.00,1568600.00
mugulatazeba,Mugulat,Azeba,2,culvert,2.300,,541931.00,1568455.00
mugulatazeba,Mugulat,Azeba,2,culvert,2.500,,541925.00,1568450.00
mugulatazeba,Mugulat,Azeba,2,culvert,3.100,,542105.00,1567766.00
mugulatazeba,Mugulat,Azeba,2,culvert,4.100,,542527.00,1566891.00
mugulatazeba,Mugulat,Azeba,2,culvert,4.800,,542791.00,1566625.00
mugulatazeba,Mugulat,Azeba,2,culvert,5.500,,542576.00,1566378.00
mugulatazeba,Mugulat,Azeba,2,culvert,5.900,,542438.00,1566455.00
mugulatazeba,Mugulat,Azeba,3,culvert,1.400,,541045.00,1565909.00
mugulatazeba,Mugulat,Azeba,3,culvert,2.000,,540721.00,1565561.00
mugulatazeba,Mugulat,Azeba,3,culvert,2.400,,540468.00,1565183.00
mugulatazeba,Mugulat,Azeba,3,culvert,2.700,,540474.00,1565181.00
mugulatazeba,Mugulat,Azeba,3,culvert,3.700,,540055.00,1565174.00
mugulatazeba,Mugulat,Azeba,3,culvert,3.900,,539846.00,1565099.00
mugulatazeba,Mugulat,Azeba,3,culvert,4.300,,539656.00,1565434.00
mugulatazeba,Mugulat,Azeba,1,other,1.400,,540353.00,1572577.00
mugulatazeba,Mugulat,Azeba,1,other,4.000,,539595.00,1570645.00
mugulatazeba,Mugulat,Azeba,1,other,4.800,,539680.00,1570852.00
mugulatazeba,Mugulat,Azeba,2,other,5.200,,542726.00,1566401.00
mugulatazeba,Mugulat,Azeba,3,other,5.400,,538667.00,1565235.00
mugulatazeba,Mugulat,Azeba,3,other,5.700,,538385.00,1565146.00
mugulatazeba,Mugulat,Azeba,3,other,6.000,,538179.00,1564888.00
